mirRNA	baseMean	log2FoldChange	lfcSE	stat	pvalue	padj
hsa-let-7a-5p	138.21859941880268	0.13848970218211418	0.14726446529352769	0.9404149324555409	0.3470047656570233	1
hsa-let-7a-3p	0.41886971252216154	0.583970153052322	2.0519806646547343	0.2845885261548411	0.7759594027187877	1
hsa-let-7a-2-3p	0.9719081955821081	-0.5276240823646592	1.686293785958434	-0.31288977446167543	0.754364406609138	1
hsa-let-7b-5p	1987.6334132985867	0.05842116832772316	0.12814362314270877	0.45590382802476	0.6484591366877106	1
hsa-let-7b-3p	3.7775917473946645	0.10232033146209886	0.5753862976342858	0.17782893315810835	0.8588573241147135	1
hsa-let-7c-5p	185.63112601222787	-0.019858749123048244	0.20241591750049862	-0.09810863378864128	0.9218460318316312	1
hsa-let-7d-5p	64.57866976543113	-0.2466715746951387	0.2294816032159007	-1.074907841144309	0.28241599105162685	1
hsa-let-7d-3p	0.869474583578978	0.16019917229437544	1.354802844824908	0.11824537637066983	0.9058732369828848	1
hsa-let-7e-5p	41.615608982028604	-0.0409399679964674	0.20075340925761648	-0.20393162012970478	0.8384069349867602	1
hsa-let-7e-3p	0.8578696998993515	-0.3983440018367746	1.5708859480642394	-0.25357919989522043	0.7998206675740265	1
hsa-let-7f-5p	43.501206332890256	0.1280407422152612	0.20302342711090146	0.6306697903652223	0.5282564556764138	1
hsa-let-7f-1-3p	2.307789372964973	-0.6879950132519626	0.8932161295511768	-0.770244726321351	0.44115473727702387	1
hsa-miR-15a-5p	38.38080982646667	0.2153508197365484	0.23600846739562242	0.9124707351094931	0.3615209682224559	1
hsa-miR-16-5p	711.7542029249322	0.043557587432296145	0.11947407149178617	0.36457774384369857	0.7154266308192923	1
hsa-miR-17-5p	411.89910428285305	-0.1304494547587823	0.11725794428014283	-1.1124999296177616	0.26592326040052394	1
hsa-miR-17-3p	3.155992960422845	-0.41644934653772603	0.7042231755899808	-0.5913598997772759	0.5542793027315094	1
hsa-miR-18a-5p	44.92001444333998	0.029987724052109425	0.2177897115393851	0.13769118770647917	0.8904844842520891	1
hsa-miR-18a-3p	13.174382066240812	-0.04161485590875834	0.3058999994874436	-0.13604071911895024	0.8917890909721453	1
hsa-miR-19a-3p	5.696923059839199	0.0014826470990940517	0.4970525608552766	0.002982877900363024	0.9976200113058897	1
hsa-miR-19b-1-5p	0.5037410807201776	0.9644271625146131	2.0556425140973333	0.4691609343067654	0.6389546067445531	1
hsa-miR-19b-3p	16.06606118306607	0.6263416947787258	0.32041260251163933	1.9547973140537545	0.050606998334336344	1
hsa-miR-20a-5p	298.53532798120176	0.11929208792160456	0.13156517187111458	0.9067147956031014	0.3645576372162514	1
hsa-miR-20a-3p	1.391532839804509	-0.44835707359992255	0.9752021102166633	-0.45975810439982523	0.6456898581240167	1
hsa-miR-21-5p	1018.0473450348401	0.3683174054896965	0.229882204003239	1.6022006013327894	0.1091112571516148	1
hsa-miR-21-3p	10.411053890440169	0.2510165846567995	0.36970283275764637	0.6789685185381038	0.4971578093267695	1
hsa-miR-22-5p	1.4714836996167036	0.15647037770806835	0.9104204279326329	0.1718660663880078	0.8635428246798525	1
hsa-miR-22-3p	15.262757022232643	-0.07828105403844347	0.35025799130647683	-0.22349541190038774	0.8231499536036551	1
hsa-miR-23a-5p	2.154517174027036	0.4644463178884293	1.0788552685349067	0.4304991887550874	0.6668325566968867	1
hsa-miR-23a-3p	746.8193359682133	-0.169313798588582	0.12128477812399262	-1.3960020474744823	0.16271387858595757	1
hsa-miR-24-3p	523.5299010607218	0.036043566814162376	0.10591926801089126	0.34029282387465287	0.7336360207667791	1
hsa-miR-24-2-5p	2.170579350021747	0.23660546482475747	0.7517096290445173	0.3147564640425078	0.7529465693894405	1
hsa-miR-25-3p	24.914030657691693	0.48018068909880274	0.22827919084992038	2.1034798980625973	0.035423840677793535	1
hsa-miR-26a-5p	962.7717161205268	-0.15954895399168273	0.11172490303947528	-1.4280518456597808	0.1532769363090859	1
hsa-miR-26b-5p	75.54159297035011	0.05405445152563912	0.19298745334469583	0.28009308682410666	0.7794060884363352	1
hsa-miR-26b-3p	0.566489248953821	-1.6876498732960756	1.964249099440282	-0.8591832236435674	0.3902394375553537	1
hsa-miR-27a-5p	24.480625473314625	-0.1867772342938706	0.8561693539898421	-0.21815454316773714	0.827308701344756	1
hsa-miR-27a-3p	52.00678679740567	0.3249965740705122	0.18754511135931284	1.7328981369600172	0.08311377548462479	1
hsa-miR-28-5p	12.661862480838412	-0.5302537188341752	0.3617096799809141	-1.4659649663292242	0.14265783136730084	1
hsa-miR-28-3p	17.529867235110324	-0.20931146694104194	0.356955051622411	-0.5863804587992013	0.557619873094591	1
hsa-miR-29a-5p	9.781251001285202	0.1913544183890473	0.367243699522501	0.5210556876478776	0.6023279786724778	1
hsa-miR-29a-3p	30.470109610764172	0.18772531411497073	0.22749945696841103	0.8251681855268646	0.4092761128273042	1
hsa-miR-30a-5p	91.28265308001154	-0.04591029104316542	0.22166586860580723	-0.20711484060186366	0.8359201722589223	1
hsa-miR-30a-3p	2.896184615535115	0.22403767225913201	0.6345830822151999	0.35304702967665363	0.7240531831623875	1
hsa-miR-31-5p	409.24938391117325	0.09355380239509799	0.08343957283966791	1.121216219249647	0.2621958374471968	1
hsa-miR-31-3p	0.7391948892600904	1.7718092585470435	1.2615257908972177	1.4044970553371754	0.1601708879258966	1
hsa-miR-33a-3p	0.5064093262199063	-0.3181407240975218	2.1206274061897004	-0.15002198083875115	0.8807472733149789	1
hsa-miR-92a-1-5p	2.861469807476736	-1.6018859950636788	0.8166368694462198	-1.9615646255966308	0.04981319410009828	1
hsa-miR-92a-3p	906.1341063137197	0.2473034334367112	0.15856828787849944	1.559602091599827	0.11885394193807425	1
hsa-miR-93-5p	93.47261076205245	-0.060591164442739084	0.17166803673223682	-0.3529554225475739	0.7241218600564208	1
hsa-miR-93-3p	19.5526606681121	-0.5644082660561174	0.3374573097712585	-1.6725323462060875	0.0944193949931317	1
hsa-miR-96-5p	14.131924967464055	0.11434352633331227	0.4571046482620407	0.2501473716534238	0.8024733828945938	1
hsa-miR-98-5p	2.992677255803905	-0.552141492976852	0.7680481870338829	-0.7188891300025866	0.4722092344753426	1
hsa-miR-99a-5p	40.55474071816355	-0.6709361369181966	0.32879499315818794	-2.040591100471532	0.04129148750690068	1
hsa-miR-100-5p	283.7592714597383	0.22656033285614036	0.1466749090970157	1.5446427357680226	0.1224327031291287	1
hsa-miR-100-3p	1.2976030832954655	-0.012897490646744003	1.077113883127195	-0.011974119773944976	0.9904462630054535	1
hsa-miR-101-3p	3.006608712384455	-0.15309253054243524	0.9329761441699855	-0.16409050917227122	0.8696598931268674	1
hsa-miR-29b-1-5p	58.88592221248009	-0.32410814519217035	0.2249114594999816	-1.4410477167891789	0.14957120265549018	1
hsa-miR-29b-3p	11.703583041188198	0.43841121823736207	0.4388629744140552	0.9989706213487335	0.3178089232560896	1
hsa-miR-29b-2-5p	4.387165460952869	0.34412446141117353	0.5719354113380891	0.6016841317904527	0.5473844146201192	1
hsa-miR-103a-2-5p	8.374434292587601	-0.186466214134827	0.42875945427361634	-0.434897032068317	0.6636371689862192	1
hsa-miR-103a-3p	532.5974009822579	-0.24420758928098935	0.117792495355917	-2.0732015952552976	0.038153521999560236	1
hsa-miR-103a-1-5p	8.374434292587601	-0.186466214134827	0.42875945427361634	-0.434897032068317	0.6636371689862192	1
hsa-miR-106a-5p	409.46249445032925	-0.12519576957148423	0.11772013302909634	-1.0635034666545966	0.2875536939218198	1
hsa-miR-107	474.35817390495583	-0.22050374740645565	0.11589409975236546	-1.9026313494613867	0.057088665529916045	1
hsa-miR-16-2-3p	1.1364887996357662	0.9229049080276034	1.1421379668794334	0.8080502835827953	0.41906163605688773	1
hsa-miR-192-5p	145.7294494537972	0.43472863384165544	0.2642771798227746	1.6449722754465077	0.09997552861101594	1
hsa-miR-192-3p	8.08818909567067	0.5282670452553825	0.46779612386340164	1.1292676837348883	0.25878492907676265	1
hsa-miR-196a-5p	32.46348864849105	0.5218034829391991	0.19848956547091534	2.628871103129393	0.008566882569018648	1
hsa-miR-197-3p	2.3234820100279143	0.32790040945561544	0.6554286337909947	0.5002839249775246	0.6168751713646008	1
hsa-miR-199a-5p	39.95685100125428	0.09934748078174338	0.2273354945068092	0.4370082243306168	0.6621053835741627	1
hsa-miR-199a-3p	192.9607729946727	-1.6322851766305645e-4	0.15922574068693826	-0.0010251390067890357	0.9991820575570702	1
hsa-miR-148a-3p	6.445815921676352	1.8969263826317526	0.6025156470806586	3.1483437680379636	0.001641984688214263	0.5501779049180506
hsa-miR-30c-5p	435.25742618207255	-0.02231357615227731	0.176534423873341	-0.12639787562502108	0.8994169836725588	1
hsa-miR-30d-5p	757.8096805038158	0.13913374005430326	0.0883726167645116	1.5743987803943378	0.11539528561612086	1
hsa-miR-139-5p	70.72028132222016	0.15782044823500202	0.19450015988022665	0.8114155193095367	0.41712708978881685	1
hsa-miR-139-3p	0.2616590079766213	0.6436430910527675	3.0507615368668533	0.2109778438185608	0.8329045602954972	1
hsa-miR-7-5p	186.03415472115805	0.01628157287266772	0.1438678174704907	0.11317036123111618	0.909895492990733	1
hsa-miR-10a-5p	187.086757619231	0.4053814028633238	0.14047631341877354	2.8857633931127054	0.0039046558232777497	0.62474493172444
hsa-miR-10a-3p	0.5816441689398885	0.5909764142678414	1.7463492948390928	0.3384067643365089	0.7350566773211854	1
hsa-miR-10b-5p	12.47511591413734	0.8125004192465007	0.5399989869087329	1.504633228846824	0.1324183983382038	1
hsa-miR-34a-5p	34.53232923703262	0.10940337660595134	0.2911958948095751	0.3757037051552347	0.7071371830521741	1
hsa-miR-181a-5p	8172.892892196609	0.15455910911209592	0.11821189290662128	1.3074751221028689	0.19105139866409065	1
hsa-miR-181a-2-3p	0.7311861438408891	1.6008974786695946	1.5626373329426875	1.024484341260974	0.30560656318078766	1
hsa-miR-181b-5p	948.8102601011137	0.12846149763457454	0.10975681789473582	1.170419296938599	0.24183227378440922	1
hsa-miR-181c-5p	10.591765594835822	0.3139294397253756	0.5191732051444827	0.6046718833226591	0.5453970336730083	1
hsa-miR-181c-3p	4.291664446969644	0.37217937868387	0.7543919587854093	0.49335014026804913	0.6217652058460281	1
hsa-miR-182-5p	5259.967886195265	0.2720046931070247	0.11533570308739145	2.3583737370632143	0.018355202800998262	1
hsa-miR-183-5p	56.12457217417561	0.5699140546365283	0.2473242040531619	2.304319776620109	0.021204699602120923	1
hsa-miR-183-3p	1.3760467155033642	0.07207671960056401	1.0003764814035052	0.07204959426819195	0.9425624398562508	1
hsa-miR-187-3p	2.9724376501110434	0.05285038963227492	0.7444151556732929	0.07099585389885556	0.9434010552752395	1
hsa-miR-199b-5p	2.331515785339571	0.27846739189558034	0.8834993600960587	0.31518686314079947	0.7526197793185253	1
hsa-miR-199b-3p	192.9607729946727	-1.6322851766305645e-4	0.15922574068693826	-0.0010251390067890357	0.9991820575570702	1
hsa-miR-203a-5p	0.27207483617068634	0	4.9973613946170765	0	1	1
hsa-miR-203a-3p	4.7782364805850275	-2.469073255505752	2.398767604050578	-1.0293090715984556	NA	NA
hsa-miR-204-5p	1.6400698737955623	-1.0039888509682962	0.9095391220522827	-1.1038435034030172	0.26966102989939156	1
hsa-miR-205-5p	19.32908570355155	-4.654974534654843	2.1121323254334183	-2.203921827530206	NA	NA
hsa-miR-205-3p	0.46605330479601537	0.1589066613588542	2.1231702455573798	0.07484405063200085	0.9403387927457744	1
hsa-miR-210-5p	0.8438109315474073	0.06845824659000964	1.8685101611602009	0.036637877605922325	0.9707737418309202	1
hsa-miR-210-3p	215.99541639709787	0.2645605266236521	0.18546190245833669	1.4264952700088074	0.15372543126710939	1
hsa-miR-211-5p	0.27887547325518797	-1.2798418125779616	4.997361394621228	-0.2561035137373663	0.7978709088753843	1
hsa-miR-212-5p	2.600889916484517	-1.2963485212938042	0.7444139807167425	-1.741434947320097	0.08160736686456105	1
hsa-miR-212-3p	5.521007852873071	-1.0098980972160518	0.5486868229060666	-1.8405729007072273	0.06568417200921443	1
hsa-miR-181a-3p	4.2176998806730515	1.0255008104674628	0.5578438323713181	1.838329566373798	0.06601385689498568	1
hsa-miR-214-3p	1046.7419462015487	0.17366962586829462	0.22688295267614497	0.7654591225114759	0.44399819884468966	1
hsa-miR-215-5p	8.769073124220702	0.34244546550636407	0.5591783296260541	0.612408327295823	0.5402676336683873	1
hsa-miR-217-5p	0.9212402444383776	0.24045793528841178	1.5819099305350603	0.15200482065820273	0.8791831335012941	1
hsa-miR-218-5p	37.72676505598065	-0.03065690889331741	0.23398242804229205	-0.13102227013293583	0.8957576902500002	1
hsa-miR-219a-1-3p	0.3540093910559875	-1.7205523891861454	2.930282301020604	-0.5871626732301133	0.5570944587881063	1
hsa-miR-221-5p	392.2770778790267	-0.1619140271451826	0.14234142557022014	-1.1375046055394946	0.2553274003879054	1
hsa-miR-221-3p	442.51589374574127	-0.05674006859946994	0.12312490872129113	-0.4608333861014938	0.6449181468542808	1
hsa-miR-222-5p	49.030549075455426	0.41961797593744793	0.401572915795543	1.0449359491940746	0.29605257342613694	1
hsa-miR-222-3p	1850.367374647023	0.3206866150599188	0.10640183768184776	3.0139198912974057	0.0025789589293033622	0.5501779049180506
hsa-miR-223-5p	9.096346572967596	-0.3024194795235437	0.4596267128718492	-0.657967587727789	0.5105589586588231	1
hsa-miR-223-3p	339.81614697772096	-0.025511746468382095	0.16809329066468873	-0.15177135486789142	0.8793672758711446	1
hsa-miR-224-5p	939.7525645112985	0.22170630006239656	0.13406573360898277	1.653713399346525	0.09818575882453852	1
hsa-miR-224-3p	3.712221621646766	-0.4438281569143769	0.673646440847833	-0.6588443581113365	0.5099957193745274	1
hsa-miR-200b-5p	4.8814358241003495	-0.012523750458227192	0.7566619538020377	-0.016551315148460245	0.9867945641142765	1
hsa-miR-200b-3p	94.15112961423507	0.25236371120575407	0.19038507699304938	1.3255435520031196	0.18499093436403571	1
hsa-let-7g-5p	52.191908052173765	0.1973277942518545	0.22082485600474477	0.8935941262319429	0.37153909021460035	1
hsa-let-7g-3p	0.27476832105302923	0.7560668685680144	3.450069919264369	0.21914537567668324	0.8265368050452715	1
hsa-let-7i-5p	111.92434055695017	0.06583428350752768	0.18163133611447377	0.3624610428788312	0.7170075303980226	1
hsa-let-7i-3p	0.8930630658726445	2.4295032166942683	1.4801145593056735	1.6414291727756236	0.10070835828735349	1
hsa-miR-1-3p	1.7918208434794003	-1.620696158240203	2.2653025264660815	-0.7154435839386638	0.47433498943912406	1
hsa-miR-15b-5p	37.603101497431844	0.044050786382407614	0.25295229981703904	0.17414661346929697	0.8617502405936136	1
hsa-miR-15b-3p	1.0551870721610024	-1.6234142347757428	1.0458992425157239	-1.552170772082127	0.1206213675978839	1
hsa-miR-23b-3p	510.25615806504607	-0.09181746598288848	0.11155701698335789	-0.8230541517310904	0.41047719967397484	1
hsa-miR-27b-5p	10.953442852340572	-0.031959175322934935	0.35463813176069287	-0.09011770720837416	0.9281936781547622	1
hsa-miR-27b-3p	25.071093759506773	0.2553033786650529	0.26569946562379737	0.960872759249489	0.33661614909797166	1
hsa-miR-30b-5p	51.212629024747045	0.19593744547877523	0.340912572284689	0.574743970765478	0.5654644648488529	1
hsa-miR-30b-3p	0.8222377261218646	0.031801023722036484	1.4603062071878352	0.021776955795645675	0.9826258764387956	1
hsa-miR-122-5p	0.3396480890395178	-3.068123669121991	4.956049766757968	-0.6190663559718497	0.5358726460682174	1
hsa-miR-125b-5p	108.73528472920776	0.18752627548209397	0.16297108967374352	1.1506720354972664	0.24986718526051727	1
hsa-miR-125b-1-3p	3.287262509962933	-0.15302088555736193	0.6097852482702394	-0.25094225547671406	0.8018587542591399	1
hsa-miR-128-1-5p	0.39729578743271987	-0.7990470217169013	1.7543551383705034	-0.45546480540939943	0.6487748818595784	1
hsa-miR-128-3p	2.58523703418533	-1.5457823127031212	0.8543093277132863	-1.809394165039363	0.07038978902379049	1
hsa-miR-130a-3p	37.807742232874766	-0.09143180077285584	0.25554139720430047	-0.35779643444524906	0.7204956590789462	1
hsa-miR-132-3p	20.372138461897748	0.02426518423397672	0.30983988230334647	0.07831523835340239	0.9375772962386955	1
hsa-miR-133a-5p	0.718474058128237	0.2920433322981809	2.28981902396423	0.12753991876291748	0.8985130805340791	1
hsa-miR-133a-3p	42.844831854957626	-1.6462893330959019	1.510536288121259	-1.0898707604989	0.27577007827241534	1
hsa-miR-138-5p	84.00657596994512	-0.9332781064844068	0.40893126872693203	-2.282237084461283	0.0224753467605498	1
hsa-miR-140-5p	5.333396564226387	-0.5179496170617016	0.5672720300703119	-0.9130533317454469	0.36121449314139503	1
hsa-miR-140-3p	17.982617014597793	-0.5650119539501535	0.3145709671383976	-1.7961350950152137	0.07247303412151845	1
hsa-miR-141-5p	0.8405801446958006	3.1226091579135202	2.494142291304991	1.2519771501407408	0.21057819023593913	1
hsa-miR-141-3p	6.553564681683909	0.4031083540116223	0.8084409808724687	0.49862434432330255	0.6180440516825934	1
hsa-miR-142-5p	0.3353937313223044	-1.0725538236856287	2.1042009861409277	-0.5097202362083653	0.6102474737438626	1
hsa-miR-142-3p	3.020241744469208	-0.01371253539160467	0.8404075311322797	-0.016316530830143554	0.9869818696016872	1
hsa-miR-143-5p	0.2901002380958718	0.16274320551083912	2.112778217769538	0.07702805914131738	0.9386012233083871	1
hsa-miR-143-3p	23.81121045936959	0.3495376171993978	0.2689416897539179	1.299678073411472	0.1937113284730773	1
hsa-miR-145-5p	391.1055493017179	0.09696912843415292	0.20818480789218247	0.4657838841169073	0.641370201791196	1
hsa-miR-145-3p	0.7664516384687808	0.7148097844453981	1.2726733867673572	0.5616600393138136	0.5743476655257811	1
hsa-miR-152-3p	26.738335797517795	-0.2563616042321535	0.22596498296661596	-1.134519166936712	0.2565768384801781	1
hsa-miR-153-3p	1.156740048745696	0.4399013059772155	1.2514081879475771	0.35152503412870706	0.7251944948144369	1
hsa-miR-153-5p	3.6842687462224784	0.19051814978486342	0.6544561869999229	0.29110909724639195	0.7709678825011498	1
hsa-miR-191-5p	917.9300431309541	-0.04671842632696389	0.11090571282870916	-0.42124454309327797	0.673576521232156	1
hsa-miR-125a-5p	740.3762323409285	0.05335519417217447	0.21203958312594748	0.25162846193902627	0.8013282568834722	1
hsa-miR-125a-3p	7.912502561388521	0.6304037645346277	0.42419871176230706	1.4861048538211128	0.1372513886390998	1
hsa-miR-125b-2-3p	0.5654495165397497	0.6153619851780601	1.547945337035158	0.39753470000218977	0.6909732032799862	1
hsa-miR-126-5p	3.338386594052444	1.0468763943470378	0.757655502566369	1.381731394810709	0.16705419092255855	1
hsa-miR-126-3p	10.236739305607164	0.36767276577821256	0.44737724759449604	0.8218405557170224	0.4111676485605455	1
hsa-miR-127-5p	1.3402046533803085	-1.0169525495495126	0.96596998947377	-1.0527786169666786	0.29244246734468937	1
hsa-miR-127-3p	289.024322931184	-0.005568213289261498	0.29195889411776116	-0.019071908413982305	0.9847837411915019	1
hsa-miR-134-5p	6.262877143837165	-0.6469882652239206	0.5505980304556797	-1.1750646196254417	0.23996886409843574	1
hsa-miR-138-1-3p	0.3476223395235294	-0.7990266118004229	2.9916438527888345	-0.26708614097081235	0.7894028380206384	1
hsa-miR-146a-5p	220.58886117884447	-0.15362372446046318	0.2237315233252776	-0.6866431791871972	0.4923076114611915	1
hsa-miR-149-5p	31.67356598616891	-0.3159758226603228	0.2800635688825226	-1.1282289371698473	0.25922324604693736	1
hsa-miR-150-5p	1.8235773586967612	0.9111315322153748	1.149946254605502	0.7923253183062418	0.428171012645086	1
hsa-miR-154-5p	4.278714263310148	-0.975126849427263	0.8052704962629289	-1.2109308039380526	0.22592192562337748	1
hsa-miR-185-5p	29.879282999863573	0.1650881021467043	0.25860202521113523	0.6383867334833065	0.5232219647003051	1
hsa-miR-185-3p	0.3426508364750752	-0.7990353546065414	2.0812507907750657	-0.38392074523079345	0.7010371899965075	1
hsa-miR-186-5p	23.95856359101422	-0.3077120736847985	0.26809769737165046	-1.1477609718453965	0.25106725300020705	1
hsa-miR-188-5p	0.7630036144446611	-1.1359173755405545	1.460021032221484	-0.7780143918969497	0.43656052883798613	1
hsa-miR-190a-5p	16.786541465052938	0.3981313065077625	0.33052387361191254	1.2045462923965118	0.2283785008890724	1
hsa-miR-193a-5p	1.6322605367465524	1.2947404332982306	0.9657736001397289	1.340625207720429	0.18004216871130194	1
hsa-miR-193a-3p	0.42029524511394367	1.6220053114635924	2.6515433350594324	0.6117212153454156	0.540722222901725	1
hsa-miR-194-5p	432.34798329624783	0.3594898521954357	0.14980728786274486	2.399682000282953	0.016409320194018428	1
hsa-miR-195-5p	42.08631429123022	0.1532285341336553	0.30856637773608564	0.4965820814888343	0.6194837915700322	1
hsa-miR-195-3p	0.6049764331520294	1.2714379481230267	1.8853728977583881	0.6743694839544482	0.5000764386882157	1
hsa-miR-206	2.395686384805855	-1.450803385287864	1.2862735687457298	-1.1279119936380022	0.25935708815217523	1
hsa-miR-320a-5p	1.3813867181410715	-0.9229310437976037	1.02681095030593	-0.8988324905598484	0.3687418911744284	1
hsa-miR-320a-3p	872.2383226759974	0.14895616120507704	0.13058400247933682	1.1406922622749855	0.25399800767188824	1
hsa-miR-200c-3p	446.37596053032564	0.3489277052755104	0.1121381326504759	3.1115883333199914	0.0018608379280072329	0.5501779049180506
hsa-miR-155-5p	94.10701896396803	0.06989274820119358	0.4061739089526421	0.17207591787817847	0.8633778450970944	1
hsa-miR-194-3p	1.875900668438076	0.5273255565721915	1.0873325342578664	0.4849717450348392	0.627696388358159	1
hsa-miR-106b-5p	10.144957029852312	-0.3368176249960528	0.3961855757471165	-0.8501511554550941	0.39524105378021085	1
hsa-miR-106b-3p	3.785039647623122	0.047481666115188594	0.606841694204595	0.07824390869751326	0.9376340349645573	1
hsa-miR-29c-5p	10.121051894447152	0.8740885456625157	0.542161986608121	1.6122276501364414	0.10691241048992346	1
hsa-miR-29c-3p	2.8520455777308373	-0.46996936829660424	0.6836441145663623	-0.6874473988483135	0.49180083730109564	1
hsa-miR-200a-5p	1.7144096442839771	-0.657267245581748	1.141278418614255	-0.5759043848211942	0.5646798116619497	1
hsa-miR-200a-3p	7.822850794532287	0.8462998974337052	0.5014984824845703	1.687542289741113	0.09149912538137936	1
hsa-miR-34b-5p	0.3780790002143616	-0.79901944315409	2.6564569928099258	-0.30078388067894507	0.763579300903646	1
hsa-miR-34c-5p	2.580210370108496	-0.06865014358268207	0.8664768128317574	-0.07922906021953963	0.9368504305270848	1
hsa-miR-34c-3p	0.9813119207105947	-0.891479567611524	1.4192621121043223	-0.6281289129107649	0.5299194939070115	1
hsa-miR-299-5p	4.327336457107764	-0.48580940900808245	0.6680483123576818	-0.7272069998853222	0.46709915877676694	1
hsa-miR-299-3p	1.3426023830273022	0.21934844415112834	1.1569623002545861	0.18958996684927534	0.8496304499113179	1
hsa-miR-301a-3p	241.69552726731848	-0.05206287308041561	0.2124735250692776	-0.24503228373248082	0.8064314343629568	1
hsa-miR-99b-5p	57.88822880626006	0.2976098040207233	0.23286603961414498	1.278030083364056	0.20123881920854358	1
hsa-miR-99b-3p	14.49477529169117	0.42619022573474896	0.28996839346158576	1.469781656707387	0.14162089872496553	1
hsa-miR-296-3p	0.25471507650406805	0.1627441882632775	2.3695931441889733	0.06868022413990356	0.9452441598779233	1
hsa-miR-130b-3p	25.253490923510448	-0.3608343745196585	0.23771254605713543	-1.517944174612181	0.12902847250508387	1
hsa-miR-30e-5p	28.491455209867453	0.1483806260499031	0.2891875414709827	0.5130948079407208	0.6078850032467766	1
hsa-miR-30e-3p	1.1507453730450032	1.7823092282584818	1.1381299117194308	1.5659980551480777	0.11734907246289729	1
hsa-miR-361-5p	47.661907928941694	-0.04811565800666275	0.15932915841544046	-0.30198903003808186	0.7626604255483722	1
hsa-miR-361-3p	15.118193146634518	-0.06216647079619682	0.28138368344319237	-0.2209313277709914	0.8251459040405655	1
hsa-miR-362-5p	290.92806568336476	-0.10364098965184912	0.23335685081678045	-0.4441309063311905	0.6569479426433964	1
hsa-miR-362-3p	0.3717987925832003	1.9711138476739871	2.0724357176415027	0.951109764657587	0.3415486583533358	1
hsa-miR-365a-5p	0.3384618303329258	-1.182612508911402	2.3030678614494424	-0.5134944257209691	0.6076055090578214	1
hsa-miR-365a-3p	3.1153610297081773	-1.1480209546463818	0.7278289125240424	-1.5773225477745214	0.11472132678895483	1
hsa-miR-365b-5p	0.689543257048509	-0.20451676094921262	1.6531088641804392	-0.12371645048954823	0.9015397861214655	1
hsa-miR-365b-3p	3.1153610297081773	-1.1480209546463818	0.7278289125240424	-1.5773225477745214	0.11472132678895483	1
hsa-miR-374a-5p	1.9981020394161326	0.47224107810741317	0.8328280816509779	0.5670330870343061	0.5706917022847371	1
hsa-miR-376a-3p	0.6303487424753005	0.13977200193742237	1.4930882118661568	0.09361268867210894	0.9254168297773363	1
hsa-miR-378a-5p	5.417318533266722	-0.9371586689188409	0.5854767980562552	-1.6006760165904894	0.10944869583738272	1
hsa-miR-378a-3p	81.76179843449106	0.0550876526021478	0.18404615862156967	0.2993143297025689	0.764700221970652	1
hsa-miR-379-5p	0.9847833531079648	1.546469479784992	1.286619087788365	1.2019637315060334	0.22937758027285957	1
hsa-miR-380-5p	0.2730982599212109	0.6436560893134269	4.99083395452023	0.12896764251803317	0.89738325249413875	1
hsa-miR-380-3p	0.2999832646386106	0.2480913375598522	3.0050532175778275	0.08255805125468695	0.9342029576053679	1
hsa-miR-381-3p	0.6513968031759452	0.7438897392263771	1.9061103695351818	0.3902658267410716	0.6963399901085852	1
hsa-miR-382-5p	1.0139821630795565	1.7450918810150713	1.2712592735327586	1.372726962428017	0.16983724388964158	1
hsa-miR-340-5p	2.2683986861522274	-0.9014970047611728	0.9941315589903382	-0.9068186163174952	0.36450272360591446	1
hsa-miR-340-3p	0.4111106798855822	1.6549548301439043	2.257200732682714	0.7331890363941924	0.4634431412710805	1
hsa-miR-330-5p	0.590284763160689	0.8684611291651769	1.6146337710065433	0.5378688001947269	0.5906676294879678	1
hsa-miR-330-3p	27.256444914217244	-0.5498321700746157	0.32555030351174047	-1.688931523465119	0.09123255335734083	1
hsa-miR-328-3p	6.831059861927636	0.4947042707065116	0.6110239765454378	0.8096315197047323	0.41815198689840416	1
hsa-miR-342-5p	1.1228341277125387	0.09582457086365526	1.3715466405896177	0.0698660680051398	0.944300260917136	1
hsa-miR-342-3p	820.8984022081614	-0.1634619701451412	0.319769912631701	-0.5111862113600742	0.6092206729040512	1
hsa-miR-151a-5p	18.690368786324346	-0.1000077851283909	0.26102894843921826	-0.3831290963181356	0.701624046858903	1
hsa-miR-151a-3p	57.1394474368345	0.06731019195256004	0.16629957998772316	0.4047526275023011	0.6856593535528457	1
hsa-miR-135b-5p	6.873589208766111	0.4537992264292788	0.5799063885074497	0.7825387604321057	0.4338980154397104	1
hsa-miR-135b-3p	2.128404404163299	-0.593245802706755	0.9135802363864365	-0.6493636563913333	0.5161033493978509	1
hsa-miR-148b-3p	33.56724627343747	-0.1604771654516323	0.24192848010621332	-0.6633248197201849	0.5071225439483089	1
hsa-miR-331-5p	39.14405666861518	0.07182395846186049	0.4052462430889845	0.17723534687054282	0.859323532351277	1
hsa-miR-331-3p	0.5232511081018993	1.520546801952527	1.7381590046165383	0.8748030519152535	0.3816810763601526	1
hsa-miR-324-5p	25.19606191478241	-0.16828454978847965	0.30154191321244106	-0.5580801288805265	0.5767896690202603	1
hsa-miR-324-3p	3.4306339811549384	-0.9423909251435463	0.5535163318290494	-1.7025530611346058	0.08865174058220555	1
hsa-miR-338-5p	0.4200895613992015	-0.7592654361648221	2.091479666416995	-0.3630278832524118	0.7165840553478284	1
hsa-miR-338-3p	10.553775222985749	0.40682537544472747	0.4357674683539904	0.9335836311540535	0.3505187121602628	1
hsa-miR-339-5p	268.2064581979318	0.10881696106712124	0.17820657491277456	0.6106225941460525	0.5414494612566035	1
hsa-miR-339-3p	9.288163416752216	0.21675283212089638	0.3971987765562368	0.5457036751224931	0.5852696452794424	1
hsa-miR-335-5p	10.656733236026048	0.5975703265134116	0.3946707716532789	1.514098254629257	0.13000092128590937	1
hsa-miR-335-3p	11.313971042040682	0.2312142301837439	0.385857771667462	0.5992213897482614	0.5490252608576975	1
hsa-miR-133b	21.842399474047642	-1.3895880254950177	1.4570675468886511	-0.9536881309739375	0.3402415298732034	1
hsa-miR-345-5p	4.091814841933071	-0.19084802573967408	0.5716480046609975	-0.33385584167804805	0.7384883429519831	1
hsa-miR-346	0.5537891337473414	0.707508255363453	1.7335676063768102	0.40812267878156705	0.6831836108573092	1
hsa-miR-196b-5p	22.994838840484594	0.15757320629330063	0.24608792122347492	0.6403126391165165	0.5219693653640496	1
hsa-miR-423-5p	108.11614439898007	0.012278898768644823	0.16231585229602366	0.07564817973694382	0.939699004365269	1
hsa-miR-423-3p	63.876849739372595	-0.20532403396026008	0.15754839521799852	-1.3032442106195672	0.19249140093939954	1
hsa-miR-424-5p	5.280041263572246	-0.1778649798358578	0.5297025776279887	-0.33578273421348687	0.7370347110971891	1
hsa-miR-425-5p	2121.228603396747	-0.020894447018273796	0.08830760149224573	-0.23660983499940866	0.8129594896125278	1
hsa-miR-425-3p	5.048850449136927	-0.2646384552121393	0.5173358605289065	-0.5115409067942478	0.6089723520222534	1
hsa-miR-18b-5p	0.5056024734377287	-0.536861022895052	1.8909200900978502	-0.2839152356074819	0.7764753404180267	1
hsa-miR-20b-5p	0.7315985140290141	1.2778532408134593	1.27700459970644	1.000664556029958	0.3169890085174736	1
hsa-miR-429	1.0358848076029028	-1.0671007123083562	1.9029154838240805	-0.5607714695578182	0.574953338514389	1
hsa-miR-449a	4.135542150497711	0.8834157470545224	0.6597916857243193	1.33893131145584	0.1805930352076109	1
hsa-miR-431-5p	0.46220508804868243	0.1627456693402689	1.9779393135410388	0.08228041589855999	0.9344237274569265	1
hsa-miR-431-3p	0.3427366614921253	-1.9537836098722758	1.841564703821406	-1.0609367163792864	0.28871866182488815	1
hsa-miR-433-3p	3.934683348039624	-0.7340168753968794	0.6785436254083758	-1.0817534023035256	0.2793621170881301	1
hsa-miR-329-5p	2.6137345753238708	0.22373026159109188	0.7253565530994323	0.3084417734079847	0.7577461997533032	1
hsa-miR-451a	243.01892006307216	0.7815444351467734	0.46002566456136856	1.6989148548743924	0.08933522765768877	1
hsa-miR-452-5p	61.01380428877087	-0.2349159322043942	0.18217868009324728	-1.2894809210614195	0.19723094498601196	1
hsa-miR-409-5p	4.4783094561118055	0.1445807046176382	0.7225569623041227	0.20009592621818026	0.8414055593480066	1
hsa-miR-409-3p	7.319787018121105	-0.11036805448188311	0.5668295926775212	-0.1947111722952569	0.8456190650877503	1
hsa-miR-483-3p	0.2893568689486077	0	4.889019215134339	0	1	1
hsa-miR-484	44.2594814209849	0.10110898822657263	0.19590737605745026	0.5161060816664821	0.6057803205568485	1
hsa-miR-485-5p	1.0252386322924198	-0.08835927338685916	1.217224922187748	-0.07259075276576565	0.9421317855309281	1
hsa-miR-485-3p	1.4376784998948782	1.7854381752473918	1.207038404899166	1.4791892022661401	0.1390897546037565	1
hsa-miR-486-5p	206.6041151524973	0.23384076662731312	0.26704045431466195	0.8756754373693935	0.3812065020879682	1
hsa-miR-486-3p	2.209216734540714	-0.5113820519728277	0.9149243086042766	-0.5589337250782467	0.5762069518862115	1
hsa-miR-489-3p	1.3097621684056937	-0.387258521255082	1.1025195392927734	-0.3512486694825331	0.7254018002956929	1
hsa-miR-491-5p	1.94272186159616	-1.0774730183360097	0.9486929410173665	-1.1357447407382848	0.25606340996339416	1
hsa-miR-146b-5p	600.9027743894651	-0.23381143905465374	0.26244694235085886	-0.8908903146681625	0.3729880167517721	1
hsa-miR-146b-3p	0.2974000186780698	0.6436424923025602	2.67501073199452	0.24061305048397047	0.8098550344882569	1
hsa-miR-492	0.9789029647821249	1.10357694123968	1.1182883478582903	0.9868447108057729	0.32371877221599177	1
hsa-miR-494-3p	5.536055463058128	-0.14802921699697713	0.6710708325358906	-0.22058657569364729	0.8254143546447665	1
hsa-miR-495-3p	1.6188022465969152	0.6538494011368241	1.065854409939888	0.6134509507482359	0.5395782054299565	1
hsa-miR-193b-5p	0.5869095691155232	2.0267123016593795	1.9835562877357105	1.0217568889728523	0.30689597828889875	1
hsa-miR-193b-3p	28.378227122084056	-0.43618086280502566	0.36895300808568876	-1.1822125128296104	0.2371213889252173	1
hsa-miR-497-5p	4.283036204045512	0.13799318694972085	0.6038960719246029	0.22850485930458153	0.8192537788673424	1
hsa-miR-181d-5p	13.53005811247649	-0.44943443996901883	0.4807262557256902	-0.9349072047054426	0.34983612380214113	1
hsa-miR-519b-3p	1.0094080228869216	2.0414177037131145	1.424477679415134	1.4330991164082583	0.1518295139282796	1
hsa-miR-499a-5p	0.5464065823287838	2.2770690444883477	1.780396355197922	1.2789674826284465	0.20090850696413373	1
hsa-miR-500a-5p	33.862985521070094	0.05188900181062878	0.21862818448855773	0.23733903262296213	0.8123937833520178	1
hsa-miR-500a-3p	7.899262502401357	0.14341864733056411	0.476195580016753	0.30117593137995635	0.7632803422264878	1
hsa-miR-501-5p	23.82460963222035	0.08643353528607581	0.4303487761176069	0.20084531450475188	0.8408195289594071	1
hsa-miR-501-3p	3.613820501042131	0.6196908014252616	0.8109466640371017	0.7641572854375908	0.44477351780260355	1
hsa-miR-502-5p	4.554779486963475	-0.2510773114651288	0.5693096864399096	-0.44102062101771367	0.6591980684587422	1
hsa-miR-502-3p	7.229263921040215	0.143688421905592	0.5152022416027443	0.27889712098027997	0.7803237780401979	1
hsa-miR-503-5p	11.006863040668325	-0.46353139406561605	0.5062468148173633	-0.9156233293691782	0.3598644908562469	1
hsa-miR-503-3p	0.7333586351658351	-0.2808753785631506	1.6128716060996497	-0.17414614870825432	0.8617506058386836	1
hsa-miR-505-5p	1.9968055187789604	-0.003423313053233992	0.8845937401490556	-0.0038699268351787774	0.9969122528339648	1
hsa-miR-505-3p	2.3218701825544263	0.282541085868115	0.7498404453491372	0.37680160842292193	0.7063210453503901	1
hsa-miR-532-5p	9.02552349984802	0.039413405985513184	0.36491681982027013	0.10800654791665998	0.913990498111296	1
hsa-miR-532-3p	1.5494270589389332	-0.1913644501909419	0.9422379666182941	-0.2030956690036082	0.8390602568240721	1
hsa-miR-455-5p	2.1336405018722875	1.365290926816862	1.0322741320925761	1.3226049983924428	0.18596677115039845	1
hsa-miR-455-3p	2.859206797154256	0.15682881347400018	0.7782497550981514	0.20151476109905261	0.8402960884843891	1
hsa-miR-539-5p	0.267341002477863	-1.2799096801004963	3.042092755905862	-0.42073328553697237	0.673949852555876	1
hsa-miR-539-3p	0.3582157180851932	2.013846479455046	2.2353015750579255	0.9009283140700418	0.3676264357174866	1
hsa-miR-92b-5p	21.25114954681764	-0.3170063020089724	0.29108318225934293	-1.0890574286993093	0.27612856146978	1
hsa-miR-92b-3p	252.14840431693125	0.1410681188107896	0.19885812199167915	0.7093907827244407	0.4780820060374011	1
hsa-miR-573	3.050791390606055	-0.6017872195147616	0.7623307506708293	-0.7894043615388805	0.42987570752619997	1
hsa-miR-574-5p	335.8230392865664	0.2697283362647542	0.13110201534297772	2.0573927529574147	0.03964846168930914	1
hsa-miR-574-3p	9.646972978715791	0.17619029101279576	0.370461920770185	0.47559622496827386	0.6343620653366889	1
hsa-miR-576-3p	0.5788863590533357	0.5556342061554356	1.7346884564297493	0.3203077786653487	0.7487350270272364	1
hsa-miR-582-5p	2.880507184647415	0.832208523745341	0.745174903687337	1.1167962308276045	0.2640814608114144	1
hsa-miR-582-3p	0.8204547230968321	1.1735671706958117	1.8046296850372785	0.6503091356781983	0.5154925571168023	1
hsa-miR-584-5p	7.323188747285521	0.17076107599204665	0.5084072862929939	0.33587456473556015	0.7369654583418224	1
hsa-miR-584-3p	3.5972623705310043	0.7204262519890106	0.6065890191654713	1.1876678100440285	0.23496431064520645	1
hsa-miR-589-5p	509.44167387742397	-0.0582203255568211	1.0961069695077674	-0.05311555092379926	0.9576398410979157	1
hsa-miR-589-3p	1.2727135616265681	-1.329403276519876	1.3067748116982187	-1.017316269504958	0.30900299938693293	1
hsa-miR-550a-5p	2.2583246935404557	0.3926873544681724	0.7906057821920165	0.4966917309653566	0.6194064545125111	1
hsa-miR-550a-3p	0.44547773618580394	-0.7128194076474211	1.9685607521644144	-0.36210180806646824	0.7172759525607457	1
hsa-miR-598-3p	0.6837026741299097	0.5299622983038269	1.6985930989226792	0.3120007367508745	0.7550399634179183	1
hsa-miR-615-3p	8.695034197158964	0.6721059731765167	0.426207345923148	1.5769460090387746	0.11480794874485911	1
hsa-miR-619-5p	42.37140488019249	-0.06271889693023204	0.4663052101972389	-0.13450181460272134	0.8930057762830759	1
hsa-miR-622	0.3378195871970943	0.86912490115505725	2.6761171029048456	0.3247708780051695	0.7453544867620328	1
hsa-miR-625-3p	0.4732498528883517	0.45496005547543567	1.813952088522685	0.25081150618810627	0.8019598452189864	1
hsa-miR-628-5p	0.455892730691012	-1.7409005117322136	1.5862099707741417	-1.0975221085532427	0.27241322157634806	1
hsa-miR-628-3p	1.085719192935709	-1.8422842709753426	1.3269492221370054	-1.3883607904818	0.1650272096284982	1
hsa-miR-629-5p	0.42131901612835737	-2.0016916370494635	2.572660978622164	-0.7780627349202872	0.43653203013546266	1
hsa-miR-629-3p	1.117117722359996	1.0159405433408295	1.2586623566743302	0.8071589159345113	0.41957493222676073	1
hsa-miR-636	0.5895366875488817	-2.1400419490130576	1.5340782734598635	-1.3950017975201108	0.16301529751294436	1
hsa-miR-641	3.002915969260657	-0.2574300712607703	0.6411398080411456	-0.40151940034309885	0.6880377576578495	1
hsa-miR-642a-5p	0.25402485426421206	-0.3040412136413278	4.234274027822865	-0.07180480328942163	0.9427572502181784	1
hsa-miR-642a-3p	0.3887065247269628	-2.3357568271419913	2.8899465518892384	-0.8082353030422109	0.41895513847653	1
hsa-miR-652-5p	37.50532173176913	0.3093113856915478	0.26591272892986023	1.1632063908198047	0.24474577423555774	1
hsa-miR-652-3p	19.905726857834697	0.32251598660507547	0.3173588116010775	1.0162502971887877	0.30951021042258636	1
hsa-miR-548d-3p	3.9478914801482907	1.3329043537102294	1.1726278737188105	1.1366814516212433	0.2556714760502815	1
hsa-miR-663a	8.979917137724078	-0.059727615010765484	0.8605625920089158	-0.06940531178718337	0.9446670009228315	1
hsa-miR-449b-5p	6.418452842534724	0.9927684606846027	0.54130661634663	1.8340224019151383	0.06665066886183225	1
hsa-miR-411-5p	0.3317038398643587	1.4534256680629	2.34915106799222	0.6187025125230106	0.5361123545107322	1
hsa-miR-411-3p	0.2876816894477721	-0.3181380913680515	2.650662685181824	-0.12002209603906225	0.9044656443743762	1
hsa-miR-660-5p	1.5646413989028776	-1.756038206813467	1.2959622854395747	-1.3550071838840898	0.17541526822024306	1
hsa-miR-421	10.498713606169021	-0.7739030206388181	0.431293032759767	-1.7943786749504185	0.07275274828974276	1
hsa-miR-542-3p	12.901629224518478	0.1454792213960153	0.9644003762789842	0.1508494033954324	0.8800945138637801	1
hsa-miR-758-5p	0.34929820880361095	-1.2798360629750614	4.802342314139413	-0.266502464684134	0.7898522614798953	1
hsa-miR-671-5p	146.61765724931337	-0.1462834038371826	0.11936772725670786	-1.2254853736352949	0.22039239762706075	1
hsa-miR-671-3p	0.6334196067305377	-2.5159390769162098	2.3972382517953914	-1.049515656206436	0.29394085335305636	1
hsa-miR-668-3p	1.8323585752940412	0.9268062247893781	1.1068601916655285	0.8373290789280105	0.40240761831253324	1
hsa-miR-151b	2.412485433077513	0.2972293441982504	0.7809960244979385	0.38057728192576096	0.7035169413212695	1
hsa-miR-320b	30.534170788676683	0.04076405292943938	0.2269844596055516	0.17958962036554493	0.8574747539417811	1
hsa-miR-320c	4.959397606321005	0.9300395740849564	0.6229373766360443	1.4929904818158612	0.13543967842711085	1
hsa-miR-1296-5p	0.8920058069804045	-0.3063953463829364	1.4101956447656268	-0.2172715165588666	0.8279967533812356	1
hsa-miR-1296-3p	0.5866342933419728	-0.3080384324706374	2.3702220177237714	-0.12996184752619092	0.8965966118905425	1
hsa-miR-1271-3p	0.28661740695500837	-1.2798906797064582	3.5591589300342212	-0.3596048125038777	0.7191426841712713	1
hsa-miR-1301-3p	75.90913656317534	0.18327250338490697	0.24274854166479565	0.7549891015946147	0.45025552143235215	1
hsa-miR-454-5p	0.6560892202916041	-0.3230871098967504	2.0788315878417154	-0.15541764507830377	0.876492074421439	1
hsa-miR-454-3p	259.81839396257567	-0.20983910105282708	0.1770385498275566	-1.185273496971251	0.23590932875434417	1
hsa-miR-449c-5p	97.17768182058451	0.5530852962318458	0.3556656663677986	1.555070810967435	0.11992920576872185	1
hsa-miR-769-5p	11.98578691423503	-0.15173966683850335	0.37729550064503076	-0.40217724987201453	0.6875535839127614	1
hsa-miR-769-3p	0.4923771788280532	1.2690935349953578	2.371670262139912	0.5351053876478931	0.5925769846351361	1
hsa-miR-766-5p	0.3377214522246186	0.9070081299721984	2.325218594134756	0.39007434925046597	0.6964815697727739	1
hsa-miR-378d	1.6030583217614804	1.713188770187757	1.4739513942963316	1.1623102205521765	0.24510947652475717	1
hsa-miR-675-5p	0.3750396436362287	1.231612475805504	4.068100959430499	0.30274874888501285	0.7620813438446297	1
hsa-miR-874-5p	1.2116544660638544	-1.9375808813591298	1.0654159456853463	-1.818614494372664	0.068970264939476	1
hsa-miR-874-3p	10.917766993889003	0.3063488396805082	0.37340971315036664	0.8204094025726266	0.4119827571124088	1
hsa-miR-708-5p	7.108399091426296	-1.1183376271456853	1.323979129584899	-0.844679196337719	0.3982899778505348	1
hsa-miR-708-3p	4.678726749736377	-0.2662046796872599	0.5786824163856898	-0.46001860804741546	0.6455028640627547	1
hsa-miR-147b-5p	0.3367023690632073	0.16275177351230496	3.0407400337928285	0.05352373820306454	0.9573146174038242	1
hsa-miR-147b-3p	0.34770995096558	0.16274707390761592	2.6253856008274195	0.06198977927521366	0.9505709713052856	1
hsa-miR-744-5p	3.2809366549336993	-0.5237450329621444	0.7859049110644859	-0.6664229038252816	0.5051408268544597	1
hsa-miR-877-3p	2.533048342333914	1.4786387158640626	0.7893548538614371	1.8732243282355516	0.06103741420622819	1
hsa-miR-887-3p	3.9839339991987655	-0.4769093897091012	1.169463125559488	-0.4078019898925337	0.683419052591768	1
hsa-miR-543	1.0114363393611352	2.12192115163188	1.3124675363159952	1.6167418186875422	0.10593402296977272	1
hsa-miR-374b-5p	14.546924673429851	0.5949021896341905	0.30853169015249937	1.928172076392365	0.05383372621065433	1
hsa-miR-374b-3p	2.693214896901302	1.6832348092169944	0.817767632215805	2.0583289713437773	0.03955856493211839	1
hsa-miR-301b-3p	0.4667250611529809	-2.4588077999767015	1.8564255426454226	-1.324485008147905	0.18534201881045698	1
hsa-miR-933	0.4679191566734787	0.7758035232812679	2.376257677959099	0.326481227384222	0.7440602902608531	1
hsa-miR-939-5p	0.7045986928961095	-0.2910893788614974	1.8577142884264313	-0.15669222155149776	0.8754874176565051	1
hsa-miR-939-3p	0.3156648488200454	-0.8794724080797672	3.456113137933023	-0.2544686394745017	0.7991335289051585	1
hsa-miR-940	1.095358435712445	0.3260671378438289	1.326208714160568	0.24586411954789114	0.805787419828735	1
hsa-miR-941	5.109117049882239	-0.015319989098218289	0.54806129145300575	-0.027953058055974606	0.9776995907456945	1
hsa-miR-942-5p	0.41879659609921005	-1.2913902510595694	1.7621944575834494	-0.7328307301740649	0.4636616759869591	1
hsa-miR-297	2.5416882593349435	-0.6222040736976886	0.8297794750013867	-0.7498426900673203	0.4533494541609785	1
hsa-miR-1180-3p	3.580861962395758	-0.10241743641209153	0.7543855674433548	-0.13576271979750174	0.892008863418954	1
hsa-miR-1226-5p	0.3803081405475347	-0.35909601936979413	1.948507873579554	-0.18429282439085454	0.8537837428247791	1
hsa-miR-1226-3p	0.6006336226140186	-1.1713634768750985	2.0343646633244634	-0.5757883520061301	0.5647582475961357	1
hsa-miR-1229-3p	1.444367244732316	-0.10012090726470005	1.127054082647404	-0.08883416404430222	0.9292137060329398	1
hsa-miR-663b	0.7133579627730524	-0.2204410550985551	1.6964884938372526	-0.12993961108450786	0.8966142048274888	1
hsa-miR-1285-5p	13.772632847250884	-0.2851956622649235	0.7036994126372398	-0.40528051770869267	0.6852713254584457	1
hsa-miR-1285-3p	34.71343877969595	-0.22629711880872425	0.5968166401395361	-0.37917360808809863	0.7045589485383676	1
hsa-miR-1290	1050.401791466071	0.14040673790825717	1.1103479132596576	0.12645292185587484	0.8993734127353792	1
hsa-miR-1291	7.081780591596245	-0.17516831863194782	0.5315350460024646	-0.3295517764056062	0.7417386655105833	1
hsa-miR-1303	21.648204852273057	-0.04096003997196771	0.41902040400478013	-0.09775189842903317	0.9221293038667779	1
hsa-miR-1304-5p	1.002358661197708	-1.5318463797797688	1.2349051691029382	-1.240456691012586	0.21480652358677588	1
hsa-miR-1304-3p	1.01799846076397	0.7413237001487901	1.6009065201555328	0.46306495152307103	0.6433178113637887	1
hsa-miR-1244	1.394667529967523	-0.380614388595946	1.1877499986128652	-0.3204499171041492	0.7486272904823956	1
hsa-miR-1246	458.9916969365987	0.23076110194415742	0.8267832273873374	0.27910713993723624	0.7801626039076512	1
hsa-miR-1247-5p	2.3171864207571113	-0.4692019081189641	0.7976259012884329	-0.5882480839213545	0.556365786918174	1
hsa-miR-1248	193.11333903721805	0.18825155014074246	0.4023957069196402	0.46782693478968185	0.6399083573053562	1
hsa-miR-1249-5p	0.38267985714560504	0.14566527599209866	1.7629094635611624	0.08262776903916992	0.9341475202697135	1
hsa-miR-1249-3p	1.140036266338486	0.3822867638463508	1.1474409862538328	0.3331646406447806	0.7390100075253385	1
hsa-miR-1253	0.3483966982052748	0.6237678653070472	2.318094573326149	0.2690864611326127	0.7878631487729318	1
hsa-miR-1257	0.46582665292368336	-0.8976127999439192	1.6452338226633727	-0.5455837265069268	0.5853521131335541	1
hsa-miR-548n	0.5434048245157885	1.8128588343983019	1.9006286950073201	0.953820616915036	0.3401744515138055	1
hsa-miR-1268a	0.37523995057966414	-0.7990359543833058	2.3694031901427177	-0.33723089329308154	0.7359428504010526	1
hsa-miR-1269a	0.9589013561847979	0.4839797752253062	1.2676631748598044	0.38178893638590655	0.7026179257627362	1
hsa-miR-1270	0.24903329160714063	0.2840276189883805	3.522399703450107	0.08063469307875032	0.9357324749406043	1
hsa-miR-1272	0.480893297566362	0.33114310992752427	2.192795697359199	0.1510141187919707	0.8799645784430865	1
hsa-miR-548h-3p	0.3078264531629026	-0.3181382885514736	2.6789046947112065	-0.11875685207448927	0.9054679937491434	1
hsa-miR-1277-5p	0.5795687992997788	-0.9915218866340464	1.588179592697321	-0.6243134537134258	0.532421750137844	1
hsa-miR-1292-5p	5.711871361667967	0.5621240628828108	0.5413089905015189	1.0384532175643468	0.2990591045487895	1
hsa-miR-664a-5p	0.5932392211584374	0.7352512268727964	2.1419608200562923	0.34326081970699795	0.7314022534353856	1
hsa-miR-664a-3p	21.40900804550783	-0.21722763462889816	0.4030056978837556	-0.5390187676491762	0.5898739047889188	1
hsa-miR-1307-3p	19.92337383151411	0.08926710950241361	0.30398413492198256	0.29365713288071427	0.7690199137184202	1
hsa-miR-1322	0.3074904714819794	0	3.4707246164505214	0	1	1
hsa-miR-1469	0.43711603784535746	0.16274742438608455	2.6355811443728454	0.06175010954739981	0.9507618344290141	1
hsa-miR-103b	532.5974009822579	-0.24420758928098935	0.117792495355917	-2.0732015952552976	0.038153521999560236	1
hsa-miR-320d	1.3542979700013997	0.8446533333107495	1.1088468841530292	0.7617402775640402	0.446215031129657	1
hsa-miR-1908-3p	1.2237001438050328	1.0678151847784025	1.4972636314511452	0.7131778013892437	0.4757357409071098	1
hsa-miR-1910-3p	0.6303432616850754	-2.6914214412101276	1.6440140653306579	-1.6371036586410266	0.10160881226808852	1
hsa-miR-1913	0.6464888772106481	0.6349100882331756	1.6617806823116765	0.38206611437434834	0.7024123254232686	1
hsa-miR-1915-5p	0.2792218673852132	-1.2886073096772752	2.642776568298838	-0.48759600986880064	0.6258360224055393	1
hsa-miR-1972	4.272568867307926	-0.39668713380038173	0.5791029265137679	-0.6850028132105298	0.4933421457576663	1
hsa-miR-1973	5.850586782221383	-0.8708010683230197	0.6807816117099957	-1.2791195492718006	0.20085496041472545	1
hsa-miR-1976	0.3308641837712121	-0.7990127739270164	2.9945288631435143	-0.2668242018840489	0.7896045191931096	1
hsa-miR-2110	14.139642782764742	-0.14917490892850618	0.3023855244911371	-0.49332688520570533	0.6217816347142827	1
hsa-miR-2115-5p	1.168301068404726	0.4835188108534221	1.6385855903957398	0.2950830360571192	0.7679304483179781	1
hsa-miR-548q	1.0406256492732049	-0.31814630894127816	1.5880846080417295	-0.20033334957737867	0.8412198819835661	1
hsa-miR-2277-5p	2.24401468664826	0.7152595710006523	0.76485442530966	0.93515778602061606	0.3497069899806377	1
hsa-miR-2277-3p	0.4724034882812869	0.5066446858618443	2.2103490250267903	0.22921478921443347	0.8187019784243925	1
hsa-miR-2278	0.3604615112011885	0.1627689155818641	3.038934714147486	0.05356117550801869	0.95728478954204	1
hsa-miR-718	0.40176472838117466	-1.5944306520113096	1.9473857836288273	-0.8187543862214046	0.4129265601867852	1
hsa-miR-2861	0.2613338975818815	1.1667142150840308	4.148241429749943	0.28125513783183076	0.7785147167919553	1
hsa-miR-3120-5p	4.32377223019256	0.56189982144489	0.619358405517251	0.9072288620602881	0.3642857840073429	1
hsa-miR-3130-5p	0.5180534208734107	0.5909256166086492	2.1881587097557222	0.2700561042368896	0.7871170915207131	1
hsa-miR-3132	0.33423453108353723	-0.3181391228152219	2.644622414221011	-0.12029661440683646	0.9042481859497278	1
hsa-miR-3135a	0.3840852962228387	-0.7990337263288683	2.231126300725899	-0.35813020807871876	0.7202458735182093	1
hsa-miR-548t-3p	9.401203356334186	1.175134115264285	0.9211370619174942	1.275742952756732	0.20204639951085107	1
hsa-miR-3141	1.080754592364519	-0.4707171259794237	1.6845133396732663	-0.2794380518653094	0.7799086724666209	1
hsa-miR-1273c	0.5848193562483562	1.174169702073025	2.0647135077495915	0.5686840802203094	0.5695705534300995	1
hsa-miR-3146	24.322104815219266	1.024089207250677	0.9700649925707372	1.0556913352132955	0.2911092571091048	1
hsa-miR-3147	0.3494850463258967	-1.2798674486094785	4.051661970606184	-0.31588702559458404	0.7520882601658418	1
hsa-miR-548v	1.7850595324845475	0.7822975583214101	1.17836081897225	0.6638862610891282	0.506763110213754	1
hsa-miR-3149	0.6319057741889859	0.24372799857854982	1.455353483543247	0.16746996611789625	0.8670002773419919	1
hsa-miR-3074-5p	51.117323677473244	0.43424196283403954	0.32872851618376897	1.3209744255691083	0.18650989173490728	1
hsa-miR-3074-3p	1.784351278282904	1.0172402753530263	0.907335460865993	1.1211291955702207	0.26223287286847186	1
hsa-miR-3162-3p	5.119975900517097	0.2890065491388649	1.0847057370081088	0.2664377436926052	0.7899021001445709	1
hsa-miR-323b-5p	0.2550748569672198	0	4.17367351504488	0	1	1
hsa-miR-3178	12.590695358687457	-0.61180137724866	1.451089671169465	-0.4216151416442761	0.6733059524102838	1
hsa-miR-3184-5p	46.82814847245263	-0.31977544900206045	0.18233875058146137	-1.7537437762534085	0.07947442084954254	1
hsa-miR-3184-3p	108.11614439898007	0.012278898768644823	0.16231585229602366	0.07564817973694382	0.939699004365269	1
hsa-miR-3065-5p	10.582776537129863	0.4068806071915934	0.4349971319805896	0.9353638846744149	0.3496008023968852	1
hsa-miR-3187-5p	0.300626519916471	-1.642232746412454	3.449919087403336	-0.4760206557912405	0.6340596622544499	1
hsa-miR-3192-5p	0.6047825512832081	0.262416685342403	1.9657127095049887	0.13349696732056307	0.8938003625327725	1
hsa-miR-3195	8.142704565445657	-0.06958946780871302	1.039954125895074	-0.06691590145749779	0.9466486538799033	1
hsa-miR-3196	0.544542309473178	1.6887411837749582	3.3461847532491786	0.5046766118144475	0.6137859906590586	1
hsa-miR-3200-5p	2.438014206401728	-0.8419748006190316	0.9045926843747821	-0.9307778132220587	0.3519685087291763	1
hsa-miR-3200-3p	0.6204593675950884	2.2643142730272285	1.639299248484784	1.3812696340342683	0.16719607122716282	1
hsa-miR-514b-3p	0.48993752411672875	-1.8602696464059683	2.2493381082268935	-0.8270298002786163	0.40822017101089425	1
hsa-miR-378c	4.31135467215249	0.9808101180734392	0.7052777233756204	1.390672192762672	0.16432485356974835	1
hsa-miR-4301	46.68546592862309	0.2804766847964349	0.2308723355201148	1.2148561851924364	0.22442094729168535	1
hsa-miR-4298	0.4447479901932825	-1.2799223058737639	2.528650603116332	-0.5061681136557087	0.6127386374217245	1
hsa-miR-4321	0.3141260840969149	0.16274480079973921	2.34589471477533	0.06937429875889616	0.9446916862384706	1
hsa-miR-4326	0.3985837954650843	1.4751615318409768	1.8237224239771213	0.8088739341286307	0.41858766346740256	1
hsa-miR-4284	0.80141419652252055	-1.219643477036933	1.5366064904364753	-0.7937253191547379	0.4273553570829346	1
hsa-miR-3605-5p	1.2472300640911116	-0.5611158406556684	1.1391164113620396	-0.49258867228920283	0.6223032536077473	1
hsa-miR-3609	275.1056097611133	0.40932242515735123	0.8659743068419771	0.47267271317790305	0.6364466970127934	1
hsa-miR-3611	0.6862337759966368	1.4733306961044206	2.14854331497416	0.6857346956126597	0.4928804236003951	1
hsa-miR-3613-5p	1.6598018817154894	1.2663692520137917	0.9865215332760771	1.2836711711789868	0.1992570355954471	1
hsa-miR-3613-3p	0.8563500108588814	0.474728290887524	1.6098344687036856	0.29489261170423164	0.7680759161179167	1
hsa-miR-3614-5p	0.356509949059773	-0.7990358890195842	2.385974329088532	-0.33488871999927367	0.7377090314288102	1
hsa-miR-3615	2.2153685286957248	1.407248651277094	0.9423031896942503	1.4934138679226003	0.13532888506833995	1
hsa-miR-3619-5p	2.680766136963947	0.1758016479751533	0.7303693711158397	0.24070238283208403	0.8097857920293872	1
hsa-miR-23c	0.6920039427857818	-0.26420830707676574	1.3898671220861296	-0.1900960911142359	0.8492338330732213	1
hsa-miR-3651	8.039776882124809	0.6493770694334449	0.9619734331643659	0.6750467809670687	0.4996460438566071	1
hsa-miR-3654	0.3261434841955607	0.16277079749331752	3.4440207316402716	0.04726185182276625	0.9623045319232155	1
hsa-miR-3662	3.304739829411939	-0.12921068134000438	0.7958193856584161	-0.16236181685006673	0.8710209375668414	1
hsa-miR-3679-5p	0.48385207462500507	-0.3181515289683454	1.7191841496441356	-0.18505959878364486	0.853182289708416	1
hsa-miR-3682-3p	0.2129971118875957	0	4.997361394625598	0	1	1
hsa-miR-3691-5p	0.7280440316347598	-0.31814994432733945	1.5518709849850976	-0.20501056299496095	0.8375638722302228	1
hsa-miR-3911	0.29509083631880173	-0.31814674623457145	2.08988721770928	-0.15223153840009188	0.8790043197996408	1
hsa-miR-3916	4.3918683374339285	0.3511841997680821	0.6203193416427127	0.5661345313497491	0.5713023307498128	1
hsa-miR-3926	0.5223321168517452	0.701981342167412	2.6859466631376745	0.26135341844330223	0.7938199756060695	1
hsa-miR-3928-3p	0.29819377747017206	1.4217123169402386	2.355859533920495	0.6034792382440142	0.5461899231532558	1
hsa-miR-3934-5p	0.8891537887717488	1.2158197277216336	1.4422935042073808	0.8429766369847121	0.39924151024876053	1
hsa-miR-548y	0.3361938703023975	-2.1678173656931894	3.4363588122526636	-0.6308472089595623	0.5281404322196208	1
hsa-miR-3940-3p	0.3790840599712568	-1.5882084609415532	1.7250589244909866	-0.9206691078162366	0.3572232094407727	1
hsa-miR-374c-5p	12.722328645348993	0.4506216304285682	0.3335586360114567	1.3509517721288762	0.17671088221181452	1
hsa-miR-374c-3p	14.546924673429851	0.5949021896341905	0.30853169015249937	1.928172076392365	0.05383372621065433	1
hsa-miR-642b-5p	0.3887065247269628	-2.3357568271419913	2.8899465518892384	-0.8082353030422109	0.41895513847653	1
hsa-miR-550b-2-5p	0.44547773618580394	-0.7128194076474211	1.9685607521644144	-0.36210180806646824	0.7172759525607457	1
hsa-miR-548z	0.3078264531629026	-0.3181382885514736	2.6789046947112065	-0.11875685207448927	0.9054679937491434	1
hsa-miR-548aa	9.401203356334186	1.175134115264285	0.9211370619174942	1.275742952756732	0.20204639951085107	1
hsa-miR-1268b	0.628836436830048	0.23852732058910817	1.6750526146729323	0.14239989747168783	0.8867641433666958	1
hsa-miR-548ab	0.6308250640227373	-0.023535306184087647	2.097466744498294	-0.011220824475916638	0.9910472652600972	1
hsa-miR-4448	2.7363831732757586	-0.2732453983299718	0.8324016658337638	-0.32826147465271976	0.7427139704576304	1
hsa-miR-4449	0.7943577834572167	-0.2359459455449593	2.0026366933806155	-0.11781764826582855	0.9062121456476268	1
hsa-miR-4452	0.3822607548521969	-1.3603600207738933	3.45932274549233	-0.39324460909191267	0.6941388248813045	1
hsa-miR-3135b	1871.0807611267146	0.45316757713410505	0.329735306150235	1.3743374418256304	0.16933694756899295	1
hsa-miR-4472	0.4370588664078001	-1.1275884893621038	2.9329366018780116	-0.38445716441333533	0.7006396387002184	1
hsa-miR-4484	14.407588678641858	0.1909303101291363	0.33298130069365034	0.5733964932306999	0.5663762641596113	1
hsa-miR-4485-3p	26.31942316579297	-0.253551445581966	0.44105673194615747	-0.5748726347814109	0.5653774385086792	1
hsa-miR-4488	2.684953317978395	-1.2360603531339942	1.1705955302000268	-1.0559243745982705	0.2910027671172135	1
hsa-miR-4492	0.8234292334139282	-2.028271739547887	2.001067493874505	-1.013594866618271	0.3107761081640931	1
hsa-miR-4496	0.962660656141016	1.0279997753480574	1.5151928334996085	0.6784613500142476	0.4974792217169208	1
hsa-miR-4497	17.830661882762655	0.5336944153635224	1.1691872653722712	0.4564661548837458	0.6480548033851548	1
hsa-miR-4502	4.547830032591887	-0.9998132597822652	0.5866466690953982	-1.7042852409338056	0.0883278109275573	1
hsa-miR-4508	2.0163735456914074	-0.8928724701880548	1.4667624696274604	-0.6087369214013455	0.5426988301040091	1
hsa-miR-4516	2.5709849165130745	0.4469632320599227	0.9976039423098388	0.4480367539697468	0.6541266714220164	1
hsa-miR-4517	25.84597364944623	-0.10776334458182468	0.2651027560384772	-0.4064965079660802	0.6843778222692289	1
hsa-miR-4521	30.42547989770827	-0.3495625567359312	0.3775026589724177	-0.9259870054623166	0.3544527333774605	1
hsa-miR-1269b	0.42722714762442476	-2.0234053904692852	2.3856770823569633	-0.8481472222008494	0.39635598565548935	1
hsa-miR-4524a-3p	1.5037351302916462	-1.3623360715771706	1.2418435886257715	-1.0970271007194525	0.27262954539786427	1
hsa-miR-548am-3p	0.3530379785462963	-0.8226153227112939	2.9873787404956027	-0.2753635859960706	0.7830369172174156	1
hsa-miR-3960	33.76548914315387	-0.048199957064006975	0.7155457096497166	-0.06736111531938672	0.9462942243266786	1
hsa-miR-4632-3p	3.456903427240783	0.27104340409169425	1.0452200026462768	0.25931708482948035	0.7953905983727858	1
hsa-miR-4634	10.343809592899811	-0.04449606533883183	1.008518457870072	-0.04412022902665038	0.9648085680527269	1
hsa-miR-4640-5p	0.41656750021953537	0.6057481500540872	2.9935428258423387	0.20235158983691462	0.8396418711898108	1
hsa-miR-4644	1.0330229599506295	1.018647082657503	1.4380452186286312	0.7083553906802176	0.47872458744891805	1
hsa-miR-4647	0.28273244768273437	0	4.961626969397306	0	1	1
hsa-miR-4650-5p	25.81055744696383	-0.14496502581647774	0.31818829525661635	-0.45559509252081254	0.6486811727463535	1
hsa-miR-4654	0.31858231761097927	-0.8741737606872801	2.676998560492879	-0.3265499554569542	0.7440082998042405	1
hsa-miR-4657	0.40496990313530673	-0.31812020703436583	3.438179721491246	-0.0925257644461899	0.92628032195046	1
hsa-miR-4664-3p	1.2215246560270112	-0.5403422459522683	1.2861299031685578	-0.42013038078118	0.6743902098393812	1
hsa-miR-4665-3p	0.513596996314253	1.2694601800042227	2.9537136356906504	0.42978444648964487	0.6673524479432906	1
hsa-miR-4668-5p	1.868075231870705	-1.9942461219571064	1.222918758385143	-1.6307265779376028	0.10294802588991243	1
hsa-miR-1343-3p	1.7024786331995159	0.05572435372451132	1.651164985566893	0.03374850739423809	0.9730776976757473	1
hsa-miR-4701-3p	1.1700662483966482	-1.1592264774979302	1.6553465524465634	-0.700292319928187	0.48374476703039043	1
hsa-miR-4706	8.233833525148968	-0.7106848125016529	0.6129937549016629	-1.1593671335455316	0.24630656769400985	1
hsa-miR-203b-5p	4.305947780702657	-1.9541976980168732	3.054203520741645	-0.639838728737481	NA	NA
hsa-miR-203b-3p	0.4886383330854917	0	4.997361394615361	0	1	1
hsa-miR-3529-3p	186.03415472115805	0.01628157287266772	0.1438678174704907	0.11317036123111618	0.909895492990733	1
hsa-miR-4723-5p	0.6095563816796565	1.29476545974946	1.6073497598704705	0.8055281383522898	0.4205149754826125	1
hsa-miR-4725-5p	0.43356004770222856	0.7762665845729508	2.391372292509131	0.3246113484732477	0.7454752371547809	1
hsa-miR-4726-5p	0.26791855844488266	1.5621963892409967	2.3226855867677267	0.6725819448576186	0.5012132914091703	1
hsa-miR-4727-5p	0.3368165083452473	0	4.77704666779287	0	1	1
hsa-miR-4728-3p	2.563742234467553	1.6263715266557168	0.7864664537057328	2.067947741435703	0.03864493742318332	1
hsa-miR-4732-5p	0.3316305242038355	1.094661516299501	2.9345718696156107	0.37302256170092946	0.7091316521081351	1
hsa-miR-3064-3p	0.3203703572352934	0	3.4708594617712807	0	1	1
hsa-miR-4739	1.7340319879061774	-1.229234602886056	1.0975068112143254	-1.120024577821054	0.2627032886788915	1
hsa-miR-4745-5p	0.35640861884887576	-0.7990316768742948	2.285809780039267	-0.34956175437335324	0.7266676177454081	1
hsa-miR-4749-5p	0.3186935498201772	-0.7526083149324874	2.6040072341209406	-0.2890192873010787	0.77256661797745	1
hsa-miR-4758-5p	1.0524607429570652	0.5785529467519258	1.3850154788960125	0.4177230908733864	0.6761495876651126	1
hsa-miR-4763-3p	0.37039969882089313	-1.696163428971454	2.590210146775822	-0.6548362228766506	0.5125732061021292	1
hsa-miR-4771	15.321441756926983	-0.5334236922220338	0.9796184881920907	-0.5445218711689281	0.586082402109682	1
hsa-miR-4776-5p	0.5535024198594176	0.8427525412369553	2.080743231749884	0.40502476633227297	0.6854593063092319	1
hsa-miR-4776-3p	0.4740665390559341	-1.13322692813487	2.061577054051341	-0.5496893389979729	0.5825324703412604	1
hsa-miR-4785	1.2244393119793218	-3.1181592264383977	1.2469870073227358	-2.5005547035594566	0.012399898108439424	1
hsa-miR-2467-3p	0.4361775473505119	-1.3469030908401753	1.9487274130724255	-0.6911705976961678	0.489458338787084	1
hsa-miR-4787-5p	9.13984168715175	-0.24028675848954179	1.0279936976660868	-0.23374341597140003	0.8151841801610633	1
hsa-miR-4800-3p	87.4661526208168	-0.546328759565282	0.9407951144598337	-0.5807096052778312	0.5614361869627504	1
hsa-miR-5001-3p	0.5616427334859964	1.2812995213839413	1.7744149366347297	0.7220968979296312	0.4702349052754529	1
hsa-miR-5010-3p	2.335740772340151	0.4898495924761541	0.8274803334958196	0.5919773227802384	0.5538657739430712	1
hsa-miR-5094	0.3884320851992552	-1.0622457854305483	2.5615260813399	-0.41469255111972225	0.6783669860190615	1
hsa-miR-5196-3p	0.530870489853345	0.8314192483341618	1.7699850554777814	0.46973235494902665	0.6385462487711246	1
hsa-miR-664b-3p	25.46915571685629	0.23343319133182097	0.47654672964808653	0.4898432342704427	0.6242448344038165	1
hsa-miR-5585-5p	2.5788637746744816	-0.0970139033059899	0.7569455912224681	-0.12816496248998865	0.8980184272313445	1
hsa-miR-5585-3p	20.27501934476191	-0.10333622040130033	0.4149914066979083	-0.2490080968749399	0.8033545182510079	1
hsa-miR-548au-3p	0.3079295526698055	-0.3181529240837638	2.3299059999844736	-0.13655182830804502	0.8913850551493862	1
hsa-miR-5684	3.341063686435152	0.055757252682826004	0.9974602055427122	0.0558992252252197	0.9554220880472958	1
hsa-miR-5689	1.2593466894930885	-0.24296430491003462	1.3113772363118998	-0.18527415161890734	0.8530140110500698	1
hsa-miR-5701	1.1523480755090576	1.048607878362889	1.539477800731155	0.6811451765428942	0.49577963377782125	1
hsa-miR-5708	0.44799860414710374	0.16274638631092256	1.9750882624089932	0.08239955115343686	0.9343289929653187	1
hsa-miR-5787	15.283745918403666	0.05580957809554803	1.0946786175025056	0.05098261462608709	0.9593393740491204	1
hsa-miR-6073	1.9250895121933929	1.2860983865872067	1.0389717620029915	1.2378569212581771	0.2157691180136177	1
hsa-miR-6088	2.571922700112101	0.0887406536602554	0.9731937130864349	0.09118498451743885	0.9273456058640877	1
hsa-miR-6089	3.1793836686091663	0.4475361842350309	1.2263050984756882	0.364946851147666	0.7151510804958805	1
hsa-miR-6126	7.187081220715799	0.38814350361595656	1.7071290555773	0.22736623358841376	0.8201389744266054	1
hsa-miR-6501-5p	0.25636350623224685	0	4.148092989968127	0	1	1
hsa-miR-6505-5p	0.30625554024483276	-1.354604982725117	2.6334057784931315	-0.5143928040973007	0.6069773892424972	1
hsa-miR-6510-5p	7.172158618699678	0.08294717461805949	0.871165509117666	0.09521402506174752	0.9241448302101781	1
hsa-miR-6511a-5p	2.7268149075942336	-0.3954777366677274	0.6523245172586392	-0.6062591949321522	0.5443426503217321	1
hsa-miR-6511a-3p	0.9904915941449731	-0.6961321996008011	1.298171100629522	-0.5362407153134326	0.5917921976061059	1
hsa-miR-6511b-5p	2.706581860690958	-0.4045623967124298	0.6976556056791414	-0.5798884054240538	0.5619898751381533	1
hsa-miR-6511b-3p	0.5295125298103258	0.9894829053946887	1.5966381048863723	0.6197289807668139	0.5354362322968709	1
hsa-miR-6724-5p	85.22774355876624	0.10220829828770518	1.2055831077553316	0.0847791393477686	0.9324369782109909	1
hsa-miR-6732-3p	0.48314313481878074	-1.7088918220051381	1.9016532020242058	-0.898634840561947	0.36884719453420717	1
hsa-miR-6735-5p	1.3657384518301297	-0.7964639654351247	1.3165525325576768	-0.6049617814245725	0.5452043911164323	1
hsa-miR-6738-3p	0.30569430300625333	-1.2502147006320727	2.335594395578175	-0.5352875923144107	0.5924510048320062	1
hsa-miR-6739-5p	0.5420098712329644	1.891321771491065	1.9234682393325147	0.9832872375097781	0.3254660896020549	1
hsa-miR-6739-3p	0.2704783181054819	2.1001007241297547	4.141288206794197	0.5071129125194256	0.6120755953948223	1
hsa-miR-6740-5p	0.3368675999661401	-0.3181341130192748	2.919098063807842	-0.10898370183709487	0.9132154173782829	1
hsa-miR-6743-5p	3.9931970827920287	-0.6368366152558977	1.0778252250839375	-0.5908533224450216	0.554618703670446	1
hsa-miR-6744-5p	0.6193519889679818	-0.8656326371895282	1.6704898661387544	-0.5181908940222371	0.6043250874634967	1
hsa-miR-6746-5p	0.7342673856603219	0.35135199259964384	1.8346046861223226	0.19151373331672467	0.8481231220405652	1
hsa-miR-6747-5p	0.8519106577421877	1.9010552939910856	2.2396576600779867	0.8488151237921288	0.3959841732889788	1
hsa-miR-6754-3p	1.1422710325425274	-1.078822738032627	1.2912444825045157	-0.8354906856524392	0.40344148912614197	1
hsa-miR-6756-3p	0.38636013679770026	0	4.020824712982531	0	1	1
hsa-miR-6758-5p	0.4506562664584892	1.0800175314378935	2.348475377347274	0.4598802873793933	0.6456021502609499	1
hsa-miR-6760-5p	0.3672395899756983	1.0273975448541255	2.684129476041671	0.3827675058243633	0.7018921565738551	1
hsa-miR-6770-5p	0.7622214241784065	1.2352159565229248	1.5674337787982928	0.7880498514392933	0.43066754686170833	1
hsa-miR-6777-5p	0.3678566507742927	-1.4347684016977806	2.0645051349467978	-0.6949696454665174	0.48707432463200334	1
hsa-miR-6789-5p	1.5733514057402982	-0.7049323315217585	1.1813345698996263	-0.5967253896427107	0.5506907383858285	1
hsa-miR-6796-5p	0.5490543744324388	-0.6851572863156165	1.5928286922523713	-0.4301512709108448	0.6670856061948387	1
hsa-miR-6797-5p	0.3938060218678221	1.9455069101306945	2.29786709840311	0.8466577164026212	0.3971859334608334	1
hsa-miR-6803-5p	0.42188018861411086	0.6436435134938425	2.318565455130838	0.27760420223181553	0.781316205979813	1
hsa-miR-6809-3p	0.3415917896381727	0.5788235314584312	2.555502869407404	0.22650083409714766	0.8208119105711229	1
hsa-miR-6811-5p	0.26831984023892974	-0.7990442977587907	2.101221600853975	-0.3802760724685319	0.7037404951679311	1
hsa-miR-6813-3p	0.25022971252282417	-1.2155072861553562	3.0782064291043034	-0.3948751697296157	0.6929350156834944	1
hsa-miR-6821-5p	0.4092392166872454	-1.4322411448984789	4.007699539933214	-0.3573723854863497	0.7208130468419113	1
hsa-miR-6830-3p	0.9337472160714576	-0.13155371700165874	1.410805568080813	-0.09324723404701162	0.9257071504818964	1
hsa-miR-6838-3p	0.7154530979718335	-0.3181451863989712	2.034198216188336	-0.15639832139618579	0.8757190602259519	1
hsa-miR-6840-5p	0.36497491175386026	-1.237238091419186	2.142901970802517	-0.5773656976739072	0.5636924413806816	1
hsa-miR-6849-3p	0.33838336280080783	0.1627556105259374	4.066684812241163	0.04002169286294953	0.9680758317425993	1
hsa-miR-6855-5p	0.3318562139874506	-0.6271398947245536	2.6013511955187156	-0.2410823635827843	0.80949128152549	1
hsa-miR-6858-5p	0.5789234974873891	1.9801331082522182	2.0103796440858748	0.984954813921522	0.32464626686058506	1
hsa-miR-6862-3p	0.6383944182787175	0.6442022380613222	1.953438067930595	0.32977868540453287	0.7415671938318259	1
hsa-miR-6867-5p	0.35934587785333844	1.7133930284533232	2.6330273096347834	0.6507312028947323	0.5152200172291796	1
hsa-miR-6873-3p	11.754552608770457	-0.09663577160528347	0.4817718514443572	-0.20058409663322668	0.8410237943870492	1
hsa-miR-6875-3p	0.4124832874898248	1.6009952313977622	3.01362150781757	0.531252921856529	0.5952435242509444	1
hsa-miR-6876-3p	0.6238702952101003	-0.5992203482937677	1.5262167376247584	-0.39261812134646784	0.6946015533023813	1
hsa-miR-6877-5p	0.9499905318019052	-0.9720756170190923	1.507803276289217	-0.6446965809833106	0.5191238324119474	1
hsa-miR-6880-5p	0.3547311062592444	-0.31814799155004764	2.6679201367446748	-0.11924944347781091	0.905077735851459	1
hsa-miR-6880-3p	0.4222106479117223	-0.7990161787471475	3.394179272790437	-0.235407771520052	0.8138922547473948	1
hsa-miR-6881-5p	0.36057101749442505	2.3501839230610684	4.820510547863729	0.4875383841038544	0.6258768483403767	1
hsa-miR-6882-3p	1.4180998809885166	-0.49075204541112094	0.9439857680821293	-0.5198722925750976	0.6031525882120476	1
hsa-miR-6886-3p	0.8661040823764631	1.5953123002107694	1.4432839936632464	1.1053349910447319	0.2690144613117266	1
hsa-miR-6893-3p	0.34804916608294195	-1.5879559868896558	2.5684573271859326	-0.6182528205089788	0.5364086965322421	1
hsa-miR-6894-5p	0.8596868939893519	0.20171584530611442	1.4171848060932155	0.14233559690933248	0.8868149304845298	1
hsa-miR-7107-5p	0.3152986815049189	0	4.116437048223277	0	1	1
hsa-miR-7107-3p	0.5596399119439441	2.239587391728337	1.9825614643486098	1.1296433588575654	0.25862653303405764	1
hsa-miR-7110-3p	0.3853525936250744	0.6436687055254607	4.772219184948541	0.13487827792058998	0.8927081143021631	1
hsa-miR-7111-3p	1.7944441851332404	1.3403326932518966	1.019623340291228	1.314537084713132	0.1886655267444814	1
hsa-miR-7112-3p	0.3711891234290212	2.0934937752527243	1.7015787647317422	1.2303243426893427	0.21857567219924698	1
hsa-miR-7704	43.47776458857144	0.16527068654620014	0.635422782076684	0.2600956264206702	0.7947900114733486	1
hsa-miR-7706	1.187874071277615	1.639234173887772	1.202814261504828	1.3628323394145192	0.1729353565058159	1
hsa-miR-1273h-5p	2.0427068889649833	0.8855782144790294	1.3033138907937014	0.6794819120202299	0.4968325646444464	1
hsa-miR-1273h-3p	0.8669557923634595	1.2063224064006075	1.6916433042700472	0.7131068372130269	0.47577964896493763	1
hsa-miR-6516-5p	2.418153052834571	-0.16178328960124866	0.7274766364461817	-0.2223896706725609	0.8240105521179719	1
hsa-miR-6516-3p	20.98479527969357	-0.18713552208747541	0.472989511780148	-0.3956441261946176	0.6923675797290767	1
hsa-miR-7847-3p	1.6338476089504606	0.15290203269802088	1.4106249174985541	0.10839311768939996	0.9136838602594524	1
hsa-miR-7851-3p	1.8432545904966884	2.5199883659277553	1.4770726181312757	1.706069380066045	0.08799516276275592	1
hsa-miR-7974	0.9189714641418062	-0.36069049500551537	1.4036894692931408	-0.25695889503762476	0.7972105048389047	1
hsa-miR-8070	0.46327171649947396	-0.3181524186117356	1.8081026763252523	-0.1759592653545215	0.8603259446003495	1
hsa-miR-8485	15.323099535406886	0.5510348951176736	0.4639290224340911	1.1877568948512103	0.2349292013071313	1
hsa-miR-548bb-3p	3.92048301283541	1.33694447986939	1.219858756426673	1.0959830167434266	0.2730862067930266	1
hsa-miR-9898	0.6398685269295673	0.6782883303469477	1.4334034973143766	0.47320125255574447	0.6360696042340401	1
hsa-miR-9901	2.675044614981077	-0.495776268873302	1.0477635617958339	-0.47317571153510724	0.6360878246148027	1
hsa-miR-1843	0.6763498306257864	1.8357595719213318	1.803187757398205	1.0180634625481955	0.3086477976529169	1
hsa-miR-10393-5p	0.3258991495087899	0.643644319321162	2.5917741691263445	0.24834120464211842	0.803870420626028	1
hsa-miR-10394-5p	0.3637736647032971	-0.3181363764776176	2.6017231291956464	-0.1222791053004834	0.90267797936289	1
hsa-miR-10395-5p	10.603459079086761	0.6060653396603713	0.695212988655716	0.8717692988335515	0.3833342463953238	1
hsa-miR-10395-3p	29.806157724719263	0.07928991422492224	0.412986528744411	0.19199152685678317	0.8477488425507705	1
hsa-miR-10396a-5p	0.3269130245901965	-0.31814723558569014	2.9974030399118297	-0.1061409598073433	0.9154705134520847	1
hsa-miR-10396a-3p	0.7711975967990146	-0.7990449755500646	1.5854625633901165	-0.5039822408934753	0.6142738566860078	1
hsa-miR-10400-5p	118.87270271493422	-0.1519434985599381	0.784944958523877	-0.19357216950048883	0.8465108915086994	1
hsa-miR-10401-3p	0.5414903368590518	1.9077007037762903	2.369066628395256	0.8052541371825059	0.4206730416268	1
hsa-miR-10396b-5p	0.3269130245901965	-0.31814723558569014	2.9974030399118297	-0.1061409598073433	0.9154705134520847	1
hsa-miR-10396b-3p	1.1103350665778113	-0.3181480823792533	1.5688682590388716	-0.20278827144744382	0.839300525505472	1
hsa-miR-10523-5p	0.7898487621318621	-0.3181434709176304	2.078601081074587	-0.15305653105556832	0.8783536950836638	1
hsa-miR-10527-5p	1.2838893011735732	0.5781103056183149	1.0088647521529968	0.5730305319762455	0.5666240213619407	1
hsa-miR-6529-3p	0.4222666047310649	-1.2991301564830704	2.3062303368998887	-0.563313271747784	0.5732215823751241	1
hsa-miR-12129	0.6656965262467723	1.0207823712085615	1.8274974504033603	0.5585684242586807	0.5764562946320171	1
hsa-miR-12135	26.170649622694278	-0.11657860697605811	0.298109823025294	-0.39105926062076346	0.6957534328900268	1
