mirRNA	baseMean	log2FoldChange	lfcSE	stat	pvalue	fdr	bonferroni	homl	BY
hsa-let-7a-5p	138,21859941880268	0,22301396077416308	0,15598295540914353	1,429732884527012	0,15279369828819733	0,5218048941540324	1	1	1
hsa-let-7a-3p	0,41886971252216154	1,9400273463727262	2,1674889125584524	0,895057564138939	0,3707563170541806	NA	1	1	1
hsa-let-7a-2-3p	0,9719081955821081	0,37935358626850063	1,8464144094348305	0,20545419507672552	0,8372172817020618	NA	1	1	1
hsa-let-7b-5p	1987,6334132985867	0,33703649275216274	0,13466863703168552	2,502709615104095	0,012324661878988437	0,11153819000484536	1	1	1
hsa-let-7b-3p	3,7775917473946645	1,2907550126819645	0,7015442013833609	1,8398769601926017	0,0657863032833748	NA	1	1	1
hsa-let-7c-5p	185,63112601222787	0,19900810865326474	0,21382336100578148	0,9307126579489312	0,3520022202127813	0,6777915091331215	1	1	1
hsa-let-7d-5p	64,57866976543113	-0,017633188082248053	0,24374535180952928	-0,07234266397837696	0,9423292126756202	0,9690999289448139	1	1	1
hsa-let-7d-3p	0,869474583578978	0,18391395519924766	1,4282213415202427	0,12877132546099893	0,8975385955545263	NA	1	1	1
hsa-let-7e-5p	41,615608982028604	0,2501680478755714	0,21703402730497603	1,1526673995872336	0,2490469272430181	0,6025009522407558	1	1	1
hsa-let-7e-3p	0,8578696998993515	1,1485267335148723	1,7901828104927688	0,6415695239519851	0,5211527261005533	NA	1	1	1
hsa-let-7f-5p	43,501206332890256	0,24154148445328016	0,216681749195946	1,1147292531539121	0,26496646130352275	0,6069236308405276	1	1	1
hsa-let-7f-1-3p	2,307789372964973	-0,6892552837710134	0,9388361953212063	-0,7341592571803187	0,46285168165190665	NA	1	1	1
hsa-miR-15a-5p	38,38080982646667	-0,21170671413298708	0,2420710900645641	-0,8745642202731505	0,38181106301530743	0,6910780240577065	1	1	1
hsa-miR-16-5p	711,7542029249322	-0,22587261512484563	0,12506541106873936	-1,8060358431213237	0,0709127410041719	0,32088015304387785	1	1	1
hsa-miR-17-5p	411,89910428285305	-0,05683657651116649	0,12357122221905974	-0,4599499421508511	0,6455521514664622	0,8583755382309639	1	1	1
hsa-miR-17-3p	3,155992960422845	-0,953172038374021	0,7113129447358093	-1,3400178436623857	0,1802395438432099	NA	1	1	1
hsa-miR-18a-5p	44,92001444333998	-0,04143512778529948	0,22884134171236856	-0,1810648699891798	0,8563166584785444	0,9268735321999939	1	1	1
hsa-miR-18a-3p	13,174382066240812	-0,2299566090071724	0,3168839870862631	-0,7256807487232636	0,4680345062010691	0,7377741251440577	1	1	1
hsa-miR-19a-3p	5,696923059839199	-0,6564990770836677	0,4895530452208237	-1,341017247247516	0,17991485292079734	NA	1	1	1
hsa-miR-19b-1-5p	0,5037410807201776	1,8438911920873093	2,1799960755175083	0,845823170415382	0,39765139759427176	NA	1	1	1
hsa-miR-19b-3p	16,06606118306607	0,9249157217242152	0,3512709291788572	2,633055128946564	0,00846206109201331	0,09635313068819398	1	1	1
hsa-miR-20a-5p	298,53532798120176	0,1719012073009323	0,1387452500047326	1,2389700353350386	0,21535659518586497	0,5962999928816848	1	1	1
hsa-miR-20a-3p	1,391532839804509	-1,5169046813014557	0,9325516956457459	-1,6266172571281148	0,1038184118480352	NA	1	1	1
hsa-miR-21-5p	1018,0473450348401	0,11354084811203757	0,24104514117842832	0,4710356224438122	0,6376152966101865	0,8583755382309639	1	1	1
hsa-miR-21-3p	10,411053890440169	-0,3128683767103727	0,37104799555223894	-0,8432019050385214	0,3991155331756858	NA	1	1	1
hsa-miR-22-5p	1,4714836996167036	-0,06665135709789352	0,9436527440589534	-0,07063123327677154	0,9436912519216804	NA	1	1	1
hsa-miR-22-3p	15,262757022232643	-0,04220131231158548	0,37069953789767596	-0,11384236557433823	0,9093627540109969	0,9561612356795176	1	1	1
hsa-miR-23a-5p	2,154517174027036	2,1325811393096488	1,3053288767650015	1,6337500665692983	0,1023113409517473	NA	1	1	1
hsa-miR-23a-3p	746,8193359682133	-0,2910132298700327	0,12721238401633778	-2,287617138223415	0,02215982696232829	0,16043714720725682	1	1	1
hsa-miR-24-3p	523,5299010607218	-0,050508743839920864	0,11121218141555814	-0,45416557068679975	0,649709661533934	0,8583755382309639	1	1	1
hsa-miR-24-2-5p	2,170579350021747	-0,15306709683764894	0,7647566767142376	-0,20015137036174535	0,8413621983661292	NA	1	1	1
hsa-miR-25-3p	24,914030657691693	0,46391962907332907	0,2418146429237494	1,9184927077373692	0,055048565889735834	0,2692916331362753	1	1	1
hsa-miR-26a-5p	962,7717161205268	-0,0608370415720312	0,1174990572427259	-0,5177662102118482	0,6046213964159015	0,8418190211636782	1	1	1
hsa-miR-26b-5p	75,54159297035011	0,26984040547203175	0,20578528918379965	1,3112716003281484	0,1897660196453478	0,5802352994833854	1	1	1
hsa-miR-26b-3p	0,566489248953821	-1,0741914001226462	2,1014147532934992	-0,5111753395844826	0,609228284902841	NA	1	1	1
hsa-miR-27a-5p	24,480625473314625	0,6035660387917575	0,9046209264573214	0,6672032683960167	0,5046423037201216	0,7457055537156724	1	1	1
hsa-miR-27a-3p	52,00678679740567	0,36119129108916154	0,19909988540316945	1,8141210395865541	0,06965909305759874	0,32088015304387785	1	1	1
hsa-miR-28-5p	12,661862480838412	-0,441452544908921	0,38347578489836537	-1,1511875385454169	0,2496550907074955	0,6025009522407558	1	1	1
hsa-miR-28-3p	17,529867235110324	-0,08714807390728414	0,3792233433017461	-0,22980672325843837	0,8182419601312314	0,9268735321999939	1	1	1
hsa-miR-29a-5p	9,781251001285202	0,14184404269240483	0,3867749025113556	0,36673538477135376	0,7138164095892297	NA	1	1	1
hsa-miR-29a-3p	30,470109610764172	0,16730244339773614	0,2402506790577427	0,6963661624345548	0,4861995483072361	0,7457055537156724	1	1	1
hsa-miR-30a-5p	91,28265308001154	-0,08837031844830738	0,23304365430402804	-0,37920070688996205	0,7045388266798553	0,8661606998824449	1	1	1
hsa-miR-30a-3p	2,896184615535115	-0,32129127339059965	0,6310028848352278	-0,5091756014308835	0,6106291434092392	NA	1	1	1
hsa-miR-31-5p	409,24938391117325	0,14736771251229605	0,08829050928996929	1,6691229181644163	0,0950930222006961	0,3741703699636086	1	1	1
hsa-miR-31-3p	0,7391948892600904	0,5144509797198058	1,2646469965997773	0,4067941339385587	0,6841591955038961	NA	1	1	1
hsa-miR-33a-3p	0,5064093262199063	-1,496270818845189	2,1888264453707147	-0,6835950022486914	0,49423094143384716	NA	1	1	1
hsa-miR-92a-1-5p	2,861469807476736	-0,4113584263920008	0,9299781828820595	-0,4423312653606301	0,6582495095161123	NA	1	1	1
hsa-miR-92a-3p	906,1341063137197	0,44242516084222167	0,1667165346913194	2,6537569393544858	0,007960114227565294	0,09635313068819398	1	1	1
hsa-miR-93-5p	93,47261076205245	0,044123712859589145	0,18198177106509944	0,24246226751911865	0,8084219908251684	0,9268735321999939	1	1	1
hsa-miR-93-3p	19,5526606681121	-0,6847473514136139	0,3525611263749424	-1,9422088829084276	0,05211181816895167	0,26200664134945145	1	1	1
hsa-miR-96-5p	14,131924967464055	-0,31389175579757517	0,47279515387059146	-0,6639064576442134	0,5067501829117553	0,7457055537156724	1	1	1
hsa-miR-98-5p	2,992677255803905	-0,3194342338806165	0,8203293653517945	-0,3893975363708071	0,6969820942068758	NA	1	1	1
hsa-miR-99a-5p	40,55474071816355	-1,1035174071449108	0,34101239561449276	-3,2360037973294484	0,001212157716056299	0,032196776189665696	0,7757809382760315	0,7697201496957499	0,8014075597353745
hsa-miR-100-5p	283,7592714597383	0,03266519236572725	0,1536429803164004	0,21260452184967446	0,8316354441535045	0,9268735321999939	1	1	1
hsa-miR-100-3p	1,2976030832954655	0,4926980823547848	1,1935491701838252	0,41280082518837624	0,6797525468175566	NA	1	1	1
hsa-miR-101-3p	3,006608712384455	-0,6054543677380231	0,9640322492906117	-0,6280436864882372	0,5299753218188542	NA	1	1	1
hsa-miR-29b-1-5p	58,88592221248009	0,28057751985070906	0,24346659437408535	1,1524271761882985	0,24914557893088998	0,6025009522407558	1	1	1
hsa-miR-29b-3p	11,703583041188198	-0,2745396732381947	0,44156280993655045	-0,6217454619369874	0,5341092529497555	0,7796272159992399	1	1	1
hsa-miR-29b-2-5p	4,387165460952869	1,8734158295325827	0,7330796432069978	2,5555420163312204	0,010602256028847587	NA	1	1	1
hsa-miR-103a-2-5p	8,374434292587601	-0,34525480868893144	0,446645926943873	-0,7729944187587259	0,4395256837270407	NA	1	1	1
hsa-miR-103a-3p	532,5974009822579	-0,045991038044613804	0,12429757128013938	-0,370007535714114	0,7113768755714777	0,8661606998824449	1	1	1
hsa-miR-103a-1-5p	8,374434292587601	-0,34525480868893144	0,446645926943873	-0,7729944187587259	0,4395256837270407	NA	1	1	1
hsa-miR-106a-5p	409,46249445032925	-0,06326946455647936	0,12402302855440571	-0,510142876641048	0,6099513683881825	0,8427572341851988	1	1	1
hsa-miR-107	474,35817390495583	-0,021215920332641677	0,12241567627039412	-0,17331048587093978	0,8624073818816652	0,9268735321999939	1	1	1
hsa-miR-16-2-3p	1,1364887996357662	1,9053161259770428	1,3388990057735348	1,4230469346537953	0,15472254984584652	NA	1	1	1
hsa-miR-192-5p	145,7294494537972	0,6744058428945714	0,2789994578203459	2,4172299407436006	0,015639134206086296	0,1286674223318918	1	1	1
hsa-miR-192-3p	8,08818909567067	0,9424401482955203	0,5160021866635178	1,8264266560367897	0,06778601970999215	NA	1	1	1
hsa-miR-196a-5p	32,46348864849105	0,5343808334427779	0,2110493120391725	2,532018836164661	0,011340789888546901	0,11153819000484536	1	1	1
hsa-miR-197-3p	2,3234820100279143	0,6335607968803977	0,7225582160935871	0,8768301055459007	0,38057892440347935	NA	1	1	1
hsa-miR-199a-5p	39,95685100125428	0,19916826731400983	0,2417995126189214	0,823691764953642	0,4101147197854223	0,7215575247883677	1	1	1
hsa-miR-199a-3p	192,9607729946727	-0,24293615040897465	0,16638629196144644	-1,4600731078571405	0,1442699825466312	0,5021705161719279	1	1	1
hsa-miR-148a-3p	6,445815921676352	0,5174471096652821	0,5270619891761895	0,9817575926392724	0,3262192847633602	NA	1	1	1
hsa-miR-30c-5p	435,25742618207255	0,15096757338771002	0,1857556707521322	0,8127212094060775	0,41637791816198527	0,7215575247883677	1	1	1
hsa-miR-30d-5p	757,8096805038158	0,344291950348303	0,09350508854545493	3,6820664597406902	2,313510779745981e-4	0,008374909022680453	0,14806468990374277	0,1471392855918444	0,20845923714022002
hsa-miR-139-5p	70,72028132222016	-0,22382085836423346	0,20100615346511572	-1,1135025197279704	0,2654926667518271	0,6069236308405276	1	1	1
hsa-miR-139-3p	0,2616590079766213	-1,3638163145394588	3,1577626860567056	-0,43189322635341576	0,665819018088552	NA	1	1	1
hsa-miR-7-5p	186,03415472115805	-0,20228741957800023	0,15029380644541399	-1,345946478848881	0,17831977782327554	0,5662435050177698	1	1	1
hsa-miR-10a-5p	187,086757619231	0,4800082201550578	0,14868651416272335	3,2283238520861017	0,0012451791896555793	0,032196776189665696	0,7969146813795708	0,7894436062416373	0,8014075597353745
hsa-miR-10a-3p	0,5816441689398885	-0,1374523850890853	1,8316111598947398	-0,07504452260324976	0,9401792878262206	NA	1	1	1
hsa-miR-10b-5p	12,47511591413734	0,021590460763476194	0,5466806116435661	0,039493737849172345	0,9684967460959191	0,9903836782110811	1	1	1
hsa-miR-34a-5p	34,53232923703262	-0,30471077434371246	0,3006574333188039	-1,0134815925891663	0,31083018406842283	0,6390782852766845	1	1	1
hsa-miR-181a-5p	8172,892892196609	0,465175503014879	0,12406305041205197	3,7495088301463366	1,7718125830904966e-4	0,008017451938484497	0,11339600531779179	0,11286446154286463	0,1995617994629798
hsa-miR-181a-2-3p	0,7311861438408891	-0,9383805406739754	1,4778489136662623	-0,6349637855374752	0,5254520343460811	NA	1	1	1
hsa-miR-181b-5p	948,8102601011137	0,4960736992842009	0,11592606523395246	4,2792248514867275	1,875453253190978e-5	0,0016972851941378351	0,01200290082042226	0,01198414628789035	0,04224699943858284
hsa-miR-181c-5p	10,591765594835822	-0,18009335340404772	0,5350724310766898	-0,336577522862948	0,7364354027029096	NA	1	1	1
hsa-miR-181c-3p	4,291664446969644	0,8715574839090224	0,828685258946061	1,051735233009318	0,29292104134486374	NA	1	1	1
hsa-miR-182-5p	5259,967886195265	0,13003224903634028	0,12097153123839031	1,074899587573994	0,2824196866612322	0,6233897961668662	1	1	1
hsa-miR-183-5p	56,12457217417561	-0,025790026342058302	0,25418062957502846	-0,1014633821042042	0,9191826243548955	0,9561612356795176	1	1	1
hsa-miR-183-3p	1,3760467155033642	0,605261974858677	1,126003848733278	0,5375310000401681	0,5909008775461402	NA	1	1	1
hsa-miR-187-3p	2,9724376501110434	0,08162292085594748	0,7885176681258114	0,10351438421152054	0,9175547338711627	NA	1	1	1
hsa-miR-199b-5p	2,331515785339571	-0,4165361147133543	0,8850930627761017	-0,47061278890480207	0,6379172732014593	NA	1	1	1
hsa-miR-199b-3p	192,9607729946727	-0,24293615040897465	0,16638629196144644	-1,4600731078571405	0,1442699825466312	0,5021705161719279	1	1	1
hsa-miR-203a-5p	0,27207483617068634	0	5,241278632775153	0	1	NA	1	1	1
hsa-miR-203a-3p	4,7782364805850275	-1,8449085793645075	2,5231924728438524	-0,7311802802285386	NA	NA	NA	NA	NA
hsa-miR-204-5p	1,6400698737955623	0,7994796493792643	1,1302376302200074	0,707355363158136	0,47934566863631245	NA	1	1	1
hsa-miR-205-5p	19,32908570355155	-3,1145443206765475	2,21877162796233	-1,4037246021290055	NA	NA	NA	NA	NA
hsa-miR-205-3p	0,46605330479601537	-0,10155224987756704	2,226800765301302	-0,04560455136354612	0,9636254414850369	NA	1	1	1
hsa-miR-210-5p	0,8438109315474073	-1,3913793867690005	1,8426272974171292	-0,7551062489518865	0,45018523401784116	NA	1	1	1
hsa-miR-210-3p	215,99541639709787	0,8004186860247983	0,19737515428022673	4,055316328662068	5,0066500775753796e-5	0,0030206788801371456	0,03204256049648243	0,031942427494930925	0,07518749317678285
hsa-miR-211-5p	0,27887547325518797	0	5,24127863277911	0	1	NA	1	1	1
hsa-miR-212-5p	2,600889916484517	-0,4528865553084636	0,8422548016120265	-0,5377073000256753	0,5907791386594077	NA	1	1	1
hsa-miR-212-3p	5,521007852873071	-0,9690596844051707	0,5769284399737274	-1,6796878386673058	0,09301806718071916	NA	1	1	1
hsa-miR-181a-3p	4,2176998806730515	1,0367278730276261	0,5957443078814366	1,7402228763450525	0,08181989021073843	NA	1	1	1
hsa-miR-214-3p	1046,7419462015487	-0,04032113034718528	0,23791843408812316	-0,16947459536595066	0,8654233532696076	0,9268735321999939	1	1	1
hsa-miR-215-5p	8,769073124220702	0,9884472871362064	0,615353709597487	1,606307513418203	0,10820636033658297	NA	1	1	1
hsa-miR-217-5p	0,9212402444383776	-0,4227583558501426	1,595328906948583	-0,2649976152308058	0,7910112989343061	NA	1	1	1
hsa-miR-218-5p	37,72676505598065	-0,26262664881913217	0,24307445200313804	-1,0804370704319914	0,27994759559105087	0,6233897961668662	1	1	1
hsa-miR-219a-1-3p	0,3540093910559875	-0,4743821357185459	3,1052448722159847	-0,1527680280428301	0,8785812116580108	NA	1	1	1
hsa-miR-221-5p	392,2770778790267	0,060170706816326414	0,15027097510291262	0,4004146960190994	0,6888511017974077	0,8661606998824449	1	1	1
hsa-miR-221-3p	442,51589374574127	0,20686508570231552	0,13025588838811616	1,5881438318237961	0,11225381873661987	0,41465186104751417	1	1	1
hsa-miR-222-5p	49,030549075455426	0,31175022136354646	0,4215981219388111	0,7394487905446423	0,45963452461834153	0,7362287518222993	1	1	1
hsa-miR-222-3p	1850,367374647023	0,5728500553429775	0,11195405568903082	5,116831648637674	3,1071071614369063e-7	5,623863962200801e-5	1,98854858331962e-4	1,98854858331962e-4	0,0013998317929972402
hsa-miR-223-5p	9,096346572967596	-0,2639840662857636	0,48592397574874513	-0,5432620727944094	0,5869493738046165	NA	1	1	1
hsa-miR-223-3p	339,81614697772096	-0,3972793940717173	0,1756833661081612	-2,261337557860363	0,023738362196472435	0,16525552144467348	1	1	1
hsa-miR-224-5p	939,7525645112985	0,3724920229478595	0,1410064613173603	2,6416663425763125	0,008249928446253291	0,09635313068819398	1	1	1
hsa-miR-224-3p	3,712221621646766	0,8303400274716719	0,8125094947822497	1,021945014555431	0,30680692555625644	NA	1	1	1
hsa-miR-200b-5p	4,8814358241003495	0,28996602633702895	0,8120090742897031	0,3570970270137361	0,7210191700551495	NA	1	1	1
hsa-miR-200b-3p	94,15112961423507	0,5477849194805838	0,2034362760793104	2,6926609650828834	0,00708843095457045	0,09635313068819398	1	1	1
hsa-let-7g-5p	52,191908052173765	0,1734416801344745	0,2328730194288227	0,7447907901047622	0,45639820341412335	0,7362287518222993	1	1	1
hsa-let-7g-3p	0,27476832105302923	1,657786763396517	3,621747168141093	0,45773122375281566	0,6471455527064163	NA	1	1	1
hsa-let-7i-5p	111,92434055695017	0,10090763490575728	0,19171774444276257	0,5263343526132674	0,5986559187698165	0,8399745837002852	1	1	1
hsa-let-7i-3p	0,8930630658726445	0,7894052309605958	1,466425334128118	0,5383194170127638	0,5903565484789433	NA	1	1	1
hsa-miR-1-3p	1,7918208434794003	1,566422041375353	2,4919088857238605	0,6286032568643984	0,5296088275987084	NA	1	1	1
hsa-miR-15b-5p	37,603101497431844	-0,16164614954229384	0,2638019532075281	-0,6127556963732176	0,5400378890994564	0,7819748634160129	1	1	1
hsa-miR-15b-3p	1,0551870721610024	-0,9163896697908803	1,1503941828074635	-0,7965875379815377	0,42569061736358543	NA	1	1	1
hsa-miR-23b-3p	510,25615806504607	0,015004284423425876	0,11760176069577291	0,12758554238180883	0,8984769731256933	0,9510194861739796	1	1	1
hsa-miR-27b-5p	10,953442852340572	0,60386690539527	0,4011449357333665	1,5053584168806482	0,1322319538694859	NA	1	1	1
hsa-miR-27b-3p	25,071093759506773	0,365175189624183	0,2840524000807347	1,2855909315337284	0,19858586327180966	0,5892465779048779	1	1	1
hsa-miR-30b-5p	51,212629024747045	0,47108332824879334	0,3613492871907896	1,3036785873056531	0,1923431931989123	0,5802352994833854	1	1	1
hsa-miR-30b-3p	0,8222377261218646	-0,32769250866366795	1,5075907665054775	-0,21736171111159253	0,8279264679580409	NA	1	1	1
hsa-miR-122-5p	0,3396480890395178	0	5,241278632779845	0	1	NA	1	1	1
hsa-miR-125b-5p	108,73528472920776	0,368008347547973	0,17371501319942378	2,118460234208437	0,03413610927068989	0,1930823680623397	1	1	1
hsa-miR-125b-1-3p	3,287262509962933	-0,3992905356618383	0,629186127368443	-0,6346143347626911	0,5256799767028835	NA	1	1	1
hsa-miR-128-1-5p	0,39729578743271987	-0,47439801003684456	1,8399832691772537	-0,25782734983724664	0,7965401557878763	NA	1	1	1
hsa-miR-128-3p	2,58523703418533	-2,349588330471064	0,8493531345297105	-2,76632679029558	0,005669169240798576	NA	1	1	1
hsa-miR-130a-3p	37,807742232874766	-0,29543704796755615	0,2662023758620121	-1,1098212290963851	0,2670760694294083	0,6069236308405276	1	1	1
hsa-miR-132-3p	20,372138461897748	0,2716722384718979	0,333436744103565	0,8147639493130274	0,4152074403002657	0,7215575247883677	1	1	1
hsa-miR-133a-5p	0,718474058128237	-1,7379648151209772	2,292311765419505	-0,7581712231900187	0,4483484861296978	NA	1	1	1
hsa-miR-133a-3p	42,844831854957626	-0,5111591495490114	1,587629208232583	-0,3219638105033705	0,747480110915356	0,8959860932164201	1	1	1
hsa-miR-138-5p	84,00657596994512	-0,7528725664652807	0,42974306855428707	-1,7519132280551826	0,07978872961133324	0,3358548851081702	1	1	1
hsa-miR-140-5p	5,333396564226387	-0,6618515809995097	0,5908389930461599	-1,1201894065712108	0,26263305725337766	NA	1	1	1
hsa-miR-140-3p	17,982617014597793	-0,15601631521668416	0,34102864273738065	-0,45748742382565566	0,6473207396087021	0,8583755382309639	1	1	1
hsa-miR-141-5p	0,8405801446958006	1,9150442656482607	2,6247510843859714	0,7296098578796328	0,4656286948100162	NA	1	1	1
hsa-miR-141-3p	6,553564681683909	1,2134892758751663	0,8929903617333546	1,358905233332756	0,17417662030889652	NA	1	1	1
hsa-miR-142-5p	0,3353937313223044	-1,0695350003362771	2,1970051794090146	-0,48681496537207875	0,6263894639615106	NA	1	1	1
hsa-miR-142-3p	3,020241744469208	-0,8491565177676494	0,8291096671953129	-1,0241787683409247	0,30575084515244405	NA	1	1	1
hsa-miR-143-5p	0,2901002380958718	0,006494569662276173	2,2159006238964647	0,0029308939183635627	0,9976614883412106	NA	1	1	1
hsa-miR-143-3p	23,81121045936959	-0,20059539331466084	0,2698612832634536	-0,7433277974848599	0,45728324607454923	0,7362287518222993	1	1	1
hsa-miR-145-5p	391,1055493017179	0,055480600558505615	0,2185627660481329	0,25384287343017714	0,7996169497690025	0,9268735321999939	1	1	1
hsa-miR-145-3p	0,7664516384687808	1,5056408657470008	1,3624744067970929	1,1050782739372433	0,26912567378299984	NA	1	1	1
hsa-miR-152-3p	26,738335797517795	-0,17413830695568247	0,24035257911894617	-0,724511913265156	0,4687515159755063	0,7377741251440577	1	1	1
hsa-miR-153-3p	1,156740048745696	1,2074911152711936	1,398718950820005	0,8632835885746001	0,38798156515558885	NA	1	1	1
hsa-miR-153-5p	3,6842687462224784	0,3349861194757673	0,7018250850601895	0,4773071333679081	0,63314343212905555	NA	1	1	1
hsa-miR-191-5p	917,9300431309541	-0,2663061639120196	0,11619165262633646	-2,291956073371639	0,021908178061543396	0,16043714720725682	1	1	1
hsa-miR-125a-5p	740,3762323409285	0,2813783296701438	0,22279031748225142	1,2629737811319373	0,20659860240054356	0,5962999928816848	1	1	1
hsa-miR-125a-3p	7,912502561388521	0,5296249224656383	0,44523264937434587	1,1895464611813238	0,23422469950284147	NA	1	1	1
hsa-miR-125b-2-3p	0,5654495165397497	-0,9334176958419665	1,5358225892372985	-0,6077640102334405	0,5433440021949211	NA	1	1	1
hsa-miR-126-5p	3,338386594052444	0,1016977644006995	0,7198374903728919	0,141278782726387	0,8876497104168307	NA	1	1	1
hsa-miR-126-3p	10,236739305607164	0,4719095370510685	0,4772524026581386	0,988804947702071	0,32275858305551564	NA	1	1	1
hsa-miR-127-5p	1,3402046533803085	-0,8230792989749426	1,0301240126080167	-0,7990099142443164	0,42428466327357756	NA	1	1	1
hsa-miR-127-3p	289,024322931184	-0,26848237904371725	0,3059872874835067	-0,877429847663815	0,38025320707804716	0,6910780240577065	1	1	1
hsa-miR-134-5p	6,262877143837165	-0,7565348478078943	0,5747982260922018	-1,3161746391446598	0,1881154337115164	NA	1	1	1
hsa-miR-138-1-3p	0,3476223395235294	-1,061532342514815	3,1365855367327815	-0,33843564286168276	0,7350349179954053	NA	1	1	1
hsa-miR-146a-5p	220,58886117884447	-0,6570540436070174	0,23352850709179604	-2,8135924465476103	0,004899129703548595	0,08867424763422957	1	1	1
hsa-miR-149-5p	31,67356598616891	-0,48965141263387413	0,29214490863554177	-1,6760566354580109	0,09372709967573228	0,3741703699636086	1	1	1
hsa-miR-150-5p	1,8235773586967612	-0,1593870822455073	1,0843527158915123	-0,1469882261644593	0,8831413135372194	NA	1	1	1
hsa-miR-154-5p	4,278714263310148	-1,156807156609049	0,8389840738221969	-1,3788189701133795	0,1679505762918346	NA	1	1	1
hsa-miR-185-5p	29,879282999863573	-0,29400558005877264	0,26358747094787877	-1,1154004361493672	0,2646788627293028	0,6069236308405276	1	1	1
hsa-miR-185-3p	0,3426508364750752	-2,3340597468242765	2,1194237603887247	-1,1012709163910597	0,2707787651252731	NA	1	1	1
hsa-miR-186-5p	23,95856359101422	-0,29116847093314935	0,2829317152391577	-1,0291121682382947	0,3034269688113586	0,6330437834162739	1	1	1
hsa-miR-188-5p	0,7630036144446611	0,8060417911142304	1,6663800800344608	0,48370824925941347	0,6285929379093094	NA	1	1	1
hsa-miR-190a-5p	16,786541465052938	0,1154581815884553	0,34137088463740606	0,3382191826672375	0,7351980211086957	0,8871389454711596	1	1	1
hsa-miR-193a-5p	1,6322605367465524	-0,18814644928286928	0,8826047151584332	-0,21317181525491374	0,8311929511788464	NA	1	1	1
hsa-miR-193a-3p	0,42029524511394367	0,14085270840455583	2,740944114697308	0,05138839119312386	0,9590160350378586	NA	1	1	1
hsa-miR-194-5p	432,34798329624783	0,34660940542778557	0,1575114420718903	2,2005347730204163	0,027768975628948277	0,1752004070365187	1	1	1
hsa-miR-195-5p	42,08631429123022	-0,15183242651948392	0,3212944212896588	-0,472564776910961	0,6365237170290858	0,8583755382309639	1	1	1
hsa-miR-195-3p	0,6049764331520294	2,598910198317234	1,9958566387026035	1,302152743799596	0,19286417585633864	NA	1	1	1
hsa-miR-206	2,395686384805855	-0,8555829187673977	1,3793517783039169	-0,6202789833782956	0,535074129117512	NA	1	1	1
hsa-miR-320a-5p	1,3813867181410715	0,3646012721714652	1,231651253760111	0,2960263881990727	0,7672099291924974	NA	1	1	1
hsa-miR-320a-3p	872,2383226759974	0,36953726055735575	0,13749276351849463	2,687685163209684	0,007194919917054456	0,09635313068819398	1	1	1
hsa-miR-200c-3p	446,37596053032564	0,3444649357353261	0,11808004778808445	2,917215416050046	0,0035317176713764637	0,07102676650212666	1	1	1
hsa-miR-155-5p	94,10701896396803	-0,7561251232432815	0,4233279377108183	-1,7861451037984695	0,07407576683010954	0,3234740859491321	1	1	1
hsa-miR-194-3p	1,875900668438076	-0,4266420685808142	1,0703876456881847	-0,39858650302948245	0,6901979082609222	NA	1	1	1
hsa-miR-106b-5p	10,144957029852312	-0,6663784897762299	0,40592224250439307	-1,6416407380510027	0,10066447981910338	NA	1	1	1
hsa-miR-106b-3p	3,785039647623122	0,8247403986874177	0,7084036514218665	1,1642238108627008	0,24433332316703343	NA	1	1	1
hsa-miR-29c-5p	10,121051894447152	0,47614501576765855	0,5594168375445734	0,8511453067047167	0,3946886403204909	NA	1	1	1
hsa-miR-29c-3p	2,8520455777308373	0,698004074457654	0,8079661527074165	0,8639026178494109	0,3876413886269937	NA	1	1	1
hsa-miR-200a-5p	1,7144096442839771	-0,11684605415773655	1,2487145045532875	-0,09357307353415968	0,9254482999485076	NA	1	1	1
hsa-miR-200a-3p	7,822850794532287	1,4056092872027584	0,5609746337972203	2,505655697278559	0,0122224572821137	NA	1	1	1
hsa-miR-34b-5p	0,3780790002143616	-0,9552671993941881	2,7861158669333093	-0,34286700374943674	0,7316985159411966	NA	1	1	1
hsa-miR-34c-5p	2,580210370108496	-0,2862036469846959	0,8993166933863748	-0,3182456737314603	0,7502985896467435	NA	1	1	1
hsa-miR-34c-3p	0,9813119207105947	0,27008801998975457	1,594211624129004	0,16941792162462552	0,8654679278440842	NA	1	1	1
hsa-miR-299-5p	4,327336457107764	-0,6728954343690885	0,6943695226541973	-0,9690739763418403	0,3325082808341847	NA	1	1	1
hsa-miR-299-3p	1,3426023830273022	0,8276194559939044	1,2898745841143815	0,6416278498596373	0,5211148458232253	NA	1	1	1
hsa-miR-301a-3p	241,69552726731848	-0,3955810110264431	0,22222456386868214	-1,7800957920214504	0,07506028513736766	0,3234740859491321	1	1	1
hsa-miR-99b-5p	57,88822880626006	0,10080361185174479	0,24335407975259107	0,41422610195903853	0,6787085275917698	0,8661606998824449	1	1	1
hsa-miR-99b-3p	14,49477529169117	0,5292551173064766	0,31195846535868466	1,696556356301945	0,08978056696850205	0,36932460502951975	1	1	1
hsa-miR-296-3p	0,25471507650406805	0,0064956416023093195	2,485250446471261	0,00261367686767034	0,9979145899547045	NA	1	1	1
hsa-miR-130b-3p	25,253490923510448	0,06824577844713127	0,26002591175324075	0,26245760657843636	0,7929686650643695	0,9268735321999939	1	1	1
hsa-miR-30e-5p	28,491455209867453	0,006648336720455284	0,3027560595051404	0,02195938450025442	0,9824803541918995	0,9974727095562751	1	1	1
hsa-miR-30e-3p	1,1507453730450032	1,8516465539924523	1,209592779772369	1,5308015928640961	0,1258184358332142	NA	1	1	1
hsa-miR-361-5p	47,661907928941694	-0,08148590002969877	0,16776150034607065	-0,4857246737875121	0,6271623873149847	0,8583755382309639	1	1	1
hsa-miR-361-3p	15,118193146634518	-0,3603351091249816	0,2876681792155399	-1,2526067711333304	0,21034884943322918	0,5962999928816848	1	1	1
hsa-miR-362-5p	290,92806568336476	-0,4772093575717722	0,24418451601624594	-1,954298189570803	0,05066596284501756	0,26200664134945145	1	1	1
hsa-miR-362-3p	0,3717987925832003	1,3339673697849714	2,1804622710959047	0,6117819085741468	0,5406820609208278	NA	1	1	1
hsa-miR-365a-5p	0,3384618303329258	0,583573477834536	2,4515084423247013	0,2380466931132199	0,8118448790438332	NA	1	1	1
hsa-miR-365a-3p	3,1153610297081773	-0,2080547715309628	0,8207437406717047	-0,2534954105902638	0,7998854071978583	NA	1	1	1
hsa-miR-365b-5p	0,689543257048509	-1,0909523710434057	1,64195583739329	-0,6644224809209013	0,5064199483172456	NA	1	1	1
hsa-miR-365b-3p	3,1153610297081773	-0,2080547715309628	0,8207437406717047	-0,2534954105902638	0,7998854071978583	NA	1	1	1
hsa-miR-374a-5p	1,9981020394161326	-0,30212303354446873	0,8065997392948515	-0,3745637629496283	0,7079849271212335	NA	1	1	1
hsa-miR-376a-3p	0,6303487424753005	-0,21273645040705222	1,5245880250071426	-0,13953700732107976	0,8890258143587592	NA	1	1	1
hsa-miR-378a-5p	5,417318533266722	-1,1628895956140748	0,604525007872387	-1,9236418352763271	0,05439949336545858	NA	1	1	1
hsa-miR-378a-3p	81,76179843449106	-0,07359956964719176	0,19279745748976987	-0,38174554065940974	0,7026501170715507	0,8661606998824449	1	1	1
hsa-miR-379-5p	0,9847833531079648	0,4387078967596877	1,2513838576485365	0,35057819715211885	0,7259048157766452	NA	1	1	1
hsa-miR-380-5p	0,2730982599212109	-1,4125063853861692	5,207830087902265	-0,2712274328356846	0,7862161151343593	NA	1	1	1
hsa-miR-380-3p	0,2999832646386106	0,46049094115168837	3,160034128509329	0,14572340754082744	0,8841397420741968	NA	1	1	1
hsa-miR-381-3p	0,6513968031759452	0,07074036984758642	1,9680272766619913	0,03594481168348973	0,9713263643801465	NA	1	1	1
hsa-miR-382-5p	1,0139821630795565	0,9699438816741818	1,2789607270912555	0,7583844141016967	0,448220885655823	NA	1	1	1
hsa-miR-340-5p	2,2683986861522274	-0,2720000711400836	1,0960790991507452	-0,24815733768742826	0,8040126736341409	NA	1	1	1
hsa-miR-340-3p	0,4111106798855822	1,4987054584935797	2,3745469449468946	0,6311542762643075	0,5279396552609337	NA	1	1	1
hsa-miR-330-5p	0,590284763160689	0,6206641191777446	1,6999427691204925	0,3651088321631325	0,7150301682401001	NA	1	1	1
hsa-miR-330-3p	27,256444914217244	-0,8883190380029101	0,33765600388876754	-2,6308403457133402	0,008517403817740904	0,09635313068819398	1	1	1
hsa-miR-328-3p	6,831059861927636	-0,4514633626839117	0,6107390923802349	-0,7392082287125628	0,45978056489894964	NA	1	1	1
hsa-miR-342-5p	1,1228341277125387	-1,62124947139977	1,2914942853176303	-1,2553284128555318	0,20935956487374052	NA	1	1	1
hsa-miR-342-3p	820,8984022081614	-0,8284722428464484	0,3350506318890497	-2,472677750749005	0,013410500542339792	0,11558574276969058	1	1	1
hsa-miR-151a-5p	18,690368786324346	-0,19040540650331772	0,27279288456004447	-0,6979852381795082	0,4851864258828123	0,7457055537156724	1	1	1
hsa-miR-151a-3p	57,1394474368345	0,1010664420101931	0,17635159435328182	0,5730962761115083	0,5665795084953494	0,801178836231705	1	1	1
hsa-miR-135b-5p	6,873589208766111	0,9721706194806619	0,635881754678567	1,5288544015106804	0,12630054245196715	NA	1	1	1
hsa-miR-135b-3p	2,128404404163299	0,4790670252993105	1,0414342917384982	0,46000696260883556	0,645511222883276	NA	1	1	1
hsa-miR-148b-3p	33,56724627343747	-0,3674908779145857	0,2514421157111375	-1,461532714498663	0,14386930441924312	0,5021705161719279	1	1	1
hsa-miR-331-5p	39,14405666861518	-0,42340930180646674	0,4207338596472022	-1,0063589894131837	0,3142429137548339	0,6390782852766845	1	1	1
hsa-miR-331-3p	0,5232511081018993	-0,2281198294157436	1,7757297894251223	-0,1284653953401297	0,8977806817917652	NA	1	1	1
hsa-miR-324-5p	25,19606191478241	-0,3029034086768852	0,31549707928009657	-0,9600830833935208	0,3370134016696227	0,6578520037315408	1	1	1
hsa-miR-324-3p	3,4306339811549384	-0,05032425564260217	0,635851125404601	-0,07914471427660075	0,9369175181839288	NA	1	1	1
hsa-miR-338-5p	0,4200895613992015	-1,6962487888962114	2,11803447439013	-0,8008598582346644	0,4232127812027521	NA	1	1	1
hsa-miR-338-3p	10,553775222985749	0,5159403410530005	0,46612338300115774	1,1068750461113832	0,2683479560956153	NA	1	1	1
hsa-miR-339-5p	268,2064581979318	0,16128647425803644	0,18754292219202842	0,8599976601243978	0,38979033232973853	0,6985351500166601	1	1	1
hsa-miR-339-3p	9,288163416752216	-0,375452371914404	0,3933587949540312	-0,9544781424253657	0,3398416681601412	NA	1	1	1
hsa-miR-335-5p	10,656733236026048	0,12062113475458619	0,3999670516680871	0,30157767809005354	0,7629740264657712	NA	1	1	1
hsa-miR-335-3p	11,313971042040682	0,461186734221114	0,4165743597792765	1,1070934237658687	0,26825353849305084	0,6069236308405276	1	1	1
hsa-miR-133b	21,842399474047642	-0,3183601370500024	1,5348736934105454	-0,20741780800385895	0,8356835762235708	0,9268735321999939	1	1	1
hsa-miR-345-5p	4,091814841933071	0,41771655041961514	0,6434975217661187	0,6491346684182501	0,5162513351339688	NA	1	1	1
hsa-miR-346	0,5537891337473414	0,10474010036514805	1,7603158238144971	0,05950074353031869	0,9525532732766726	NA	1	1	1
hsa-miR-196b-5p	22,994838840484594	0,07022097015852673	0,2580383930794421	0,27213380660337566	0,785519136188031	0,9268735321999939	1	1	1
hsa-miR-423-5p	108,11614439898007	0,11530163291600395	0,1720882924424147	0,6700143936554367	0,5028486146497717	0,7457055537156724	1	1	1
hsa-miR-423-3p	63,876849739372595	-0,1477896516850635	0,16699249318201304	-0,885007756150934	0,37615244815125004	0,6910780240577065	1	1	1
hsa-miR-424-5p	5,280041263572246	-0,7052341800269579	0,5313828177314726	-1,3271678279656738	0,18445317216317975	NA	1	1	1
hsa-miR-425-5p	2121,228603396747	2,93785512197422e-4	0,09275013601396835	0,0031674941388029586	0,9974727095562751	0,9974727095562751	1	1	1
hsa-miR-425-3p	5,048850449136927	-0,7102963252359787	0,5251616061674231	-1,352529044192035	0,17620613397747448	NA	1	1	1
hsa-miR-18b-5p	0,5056024734377287	1,2200676137500508	2,0801928652417603	0,5865165841765612	0,5575284201963813	NA	1	1	1
hsa-miR-20b-5p	0,7315985140290141	1,028362413897462	1,3512541810351586	0,7610429098614607	0,4466314380188829	NA	1	1	1
hsa-miR-429	1,0358848076029028	1,0238549333842946	2,0695176949446203	0,4947311810308984	0,620789888237805	NA	1	1	1
hsa-miR-449a	4,135542150497711	0,8448061429865872	0,6973283876154135	1,2114896768730283	0,22570778869346947	NA	1	1	1
hsa-miR-431-5p	0,46220508804868243	0,006496990755034795	2,07448036385346	0,003131864185480301	0,9975011380049197	NA	1	1	1
hsa-miR-431-3p	0,3427366614921253	-1,046070967992649	2,0021259362199224	-0,5224801043073566	0,6013360954666267	NA	1	1	1
hsa-miR-433-3p	3,934683348039624	-0,3015922091420744	0,7356153132745583	-0,40998631173072014	0,6818159887851463	NA	1	1	1
hsa-miR-329-5p	2,6137345753238708	-1,0327933134626621	0,6734926409068519	-1,5334886392700817	0,12515550371217182	NA	1	1	1
hsa-miR-451a	243,01892006307216	0,036192367523961315	0,4816664909273904	0,07513989078683324	0,9401034092603715	0,9690999289448139	1	1	1
hsa-miR-452-5p	61,01380428877087	0,039291722132123466	0,1959169154371774	0,20055298463864762	0,8410481238528508	0,9268735321999939	1	1	1
hsa-miR-409-5p	4,4783094561118055	-0,8571417450505897	0,7133736936163289	-1,2015325946565996	0,22954467065607237	NA	1	1	1
hsa-miR-409-3p	7,319787018121105	0,11672306958207085	0,608306992639854	0,19188184747890336	0,8478347568401389	NA	1	1	1
hsa-miR-483-3p	0,2893568689486077	0	5,127648282745431	0	1	NA	1	1	1
hsa-miR-484	44,2594814209849	-0,039268364159542615	0,2046840928735835	-0,19184863663926952	0,847860771984123	0,9268735321999939	1	1	1
hsa-miR-485-5p	1,0252386322924198	-0,4470065128341476	1,2397897597340057	-0,3605502540447276	0,718435682692632	NA	1	1	1
hsa-miR-485-3p	1,4376784998948782	-1,4685752080187444	0,9933291274724786	-1,4784376773039236	0,13929066690600048	NA	1	1	1
hsa-miR-486-5p	206,6041151524973	0,45864566154487163	0,28141090884101244	1,6298076838378386	0,10314214930715815	0,39720700052331115	1	1	1
hsa-miR-486-3p	2,209216734540714	2,5363498997654568	1,254914667818501	2,021133360545189	0,04326596176523834	NA	1	1	1
hsa-miR-489-3p	1,3097621684056937	1,1100215288183841	1,316804585915404	0,842966026008126	0,3992474448349794	NA	1	1	1
hsa-miR-491-5p	1,94272186159616	-1,9013519883903787	0,9436363041917581	-2,01492034584121	0,04391299581200919	NA	1	1	1
hsa-miR-146b-5p	600,9027743894651	-0,863936768736503	0,2747605529744601	-3,144326066401565	0,0016646983869982896	0,0376638010058363	1	1	0,9374868675247768
hsa-miR-146b-3p	0,2974000186780698	-1,0821836953461406	2,7736015911182794	-0,3901727266134926	0,6964088276089391	NA	1	1	1
hsa-miR-492	0,9789029647821249	2,6211699571511238	1,3140725097476653	1,9946920262828218	0,04607647958641187	NA	1	1	1
hsa-miR-494-3p	5,536055463058128	0,6951444615353767	0,7581007428865142	0,9169552570131673	0,3591660865786319	NA	1	1	1
hsa-miR-495-3p	1,6188022465969152	0,20680457795729518	1,0807682113614863	0,19134961204750398	0,848251694316475	NA	1	1	1
hsa-miR-193b-5p	0,5869095691155232	1,2855587355556282	2,0888929735980644	0,6154258508234083	0,538273523767448	NA	1	1	1
hsa-miR-193b-3p	28,378227122084056	-0,9567504423307521	0,3819752176098557	-2,504744806004572	0,012253977154663104	0,11153819000484536	1	1	1
hsa-miR-497-5p	4,283036204045512	-0,711048044273752	0,5820263575547621	-1,2216767076684332	0,2218299079203493	NA	1	1	1
hsa-miR-181d-5p	13,53005811247649	-0,48395217391150097	0,5051165786173558	-0,9580999602828565	0,33801235550847125	0,6578520037315408	1	1	1
hsa-miR-519b-3p	1,0094080228869216	-0,33868077105185146	1,3309142984988829	-0,2544722612371391	0,7991307312213433	NA	1	1	1
hsa-miR-499a-5p	0,5464065823287838	2,216999052663025	1,8773241214620844	1,180935687832316	0,2376282727331047	NA	1	1	1
hsa-miR-500a-5p	33,862985521070094	0,04732818372816425	0,23097998166913425	0,2049016689072181	0,8376489512849538	0,9268735321999939	1	1	1
hsa-miR-500a-3p	7,899262502401357	-0,9330828741011381	0,4584632553557768	-2,0352402579723576	0,04182670412312822	NA	1	1	1
hsa-miR-501-5p	23,82460963222035	-0,17581893989265007	0,4493610079638425	-0,391264343760768	0,6956018518611499	0,8661606998824449	1	1	1
hsa-miR-501-3p	3,613820501042131	-0,585041063870677	0,7723930555371005	-0,7574395700176976	0,44878655700877995	NA	1	1	1
hsa-miR-502-5p	4,554779486963475	0,07037638218820255	0,6191153842219762	0,11367248170814306	0,909497427511461	NA	1	1	1
hsa-miR-502-3p	7,229263921040215	-1,1127542728592839	0,48869970366373444	-2,2769694037403188	0,02278805276864683	NA	1	1	1
hsa-miR-503-5p	11,006863040668325	-1,0744408827571164	0,5180437114031541	-2,07403518102155	0,03807604363511752	0,2088413302410991	1	1	1
hsa-miR-503-3p	0,7333586351658351	-1,806737816265818	1,544000703387144	-1,1701664463638495	0,24193399283899492	NA	1	1	1
hsa-miR-505-5p	1,9968055187789604	0,18154715625641157	0,9471452650873823	0,19167825987037193	0,8479942363217786	NA	1	1	1
hsa-miR-505-3p	2,3218701825544263	0,7759817625506092	0,838738253338095	0,9251775025906817	0,35487358389671836	NA	1	1	1
hsa-miR-532-5p	9,02552349984802	0,2566722735665971	0,3952393814843372	0,6494096630822925	0,5160736197743814	NA	1	1	1
hsa-miR-532-3p	1,5494270589389332	-0,5028725124967838	0,9624195204096702	-0,5225086376913132	0,6013162339656801	NA	1	1	1
hsa-miR-455-5p	2,1336405018722875	2,4048015984763085	1,226917728793324	1,960034924950865	0,0499917083419354	NA	1	1	1
hsa-miR-455-3p	2,859206797154256	0,5682108020391751	0,8495546090668837	0,6688337582716133	0,5036015296590703	NA	1	1	1
hsa-miR-539-5p	0,267341002477863	-1,9467034367924838	3,1680415829208615	-0,6144816555714739	0,5388970915950213	NA	1	1	1
hsa-miR-539-3p	0,3582157180851932	1,3767001107225385	2,350997399907284	0,5855812987189315	0,5581569187505062	NA	1	1	1
hsa-miR-92b-5p	21,25114954681764	-0,6112227249250899	0,3001446260934692	-2,0364273479770603	0,04170746160193717	0,22203089852795962	1	1	1
hsa-miR-92b-3p	252,14840431693125	0,20189157787175593	0,20922990110794246	0,9649269860697365	0,3345813837353952	0,6578520037315408	1	1	1
hsa-miR-573	3,050791390606055	-0,78464251098460025	0,791531791386375	-0,9912962682273215	0,3215409346765422	NA	1	1	1
hsa-miR-574-5p	335,8230392865664	0,17218618705028177	0,13766860832676914	1,2507294810562912	0,21103319071912985	0,5962999928816848	1	1	1
hsa-miR-574-3p	9,646972978715791	0,5290553991238682	0,409176625746955	1,2929756145236146	0,19601949323888526	NA	1	1	1
hsa-miR-576-3p	0,5788863590533357	-0,2832665035466424	1,7668969591781607	-0,16031863209408576	0,8726300824176778	NA	1	1	1
hsa-miR-582-5p	2,880507184647415	0,5532232221479066	0,7675536477494229	0,7207616350596943	0,4710561835322157	NA	1	1	1
hsa-miR-582-3p	0,8204547230968321	-0,22897688231290705	1,8027845414141876	-0,12701289424929668	0,8989301930705454	NA	1	1	1
hsa-miR-584-5p	7,323188747285521	0,4011509943900332	0,5475609629149033	0,7326143051808028	0,4637937036591552	NA	1	1	1
hsa-miR-584-3p	3,5972623705310043	0,446977302070866	0,6249995485775421	0,715164199859275	0,47450758762717954	NA	1	1	1
hsa-miR-589-5p	509,44167387742397	-0,4388493454952781	1,1495503725777492	-0,38175738616064586	0,7026413299278478	0,8661606998824449	1	1	1
hsa-miR-589-3p	1,2727135616265681	-1,000678118188862	1,3926088007024697	-0,7185636897340393	0,47240979253058046	NA	1	1	1
hsa-miR-550a-5p	2,2583246935404557	0,973784846434655	0,8843447030783255	1,1011371957620104	0,2708369506278285	NA	1	1	1
hsa-miR-550a-3p	0,44547773618580394	0,5054335999956411	2,1113355629042325	0,23939046396793293	0,810802823727	NA	1	1	1
hsa-miR-598-3p	0,6837026741299097	1,431687857309519	1,7866273554042629	0,8013354620250784	0,42293746643641095	NA	1	1	1
hsa-miR-615-3p	8,695034197158964	0,437889936851908	0,44125970602323394	0,9923632973386687	0,32102033622308285	NA	1	1	1
hsa-miR-619-5p	42,37140488019249	-1,0687544271591845	0,4826003400374502	-2,2145745423143466	0,026789280999218783	0,1752004070365187	1	1	1
hsa-miR-622	0,3378195871970943	0,12621515012721896	2,8079934639776964	0,04494851991159103	0,9641483426034032	NA	1	1	1
hsa-miR-625-3p	0,4732498528883517	0,7796085916039545	1,906694575200897	0,4088796400555195	0,6826279911260316	NA	1	1	1
hsa-miR-628-5p	0,455892730691012	-1,9857007053325555	1,6260971036207321	-1,2211452199940063	0,22203104090193104	NA	1	1	1
hsa-miR-628-3p	1,085719192935709	-1,411578297520692	1,4144175508337984	-0,997992634274488	0,31828293036539873	NA	1	1	1
hsa-miR-629-5p	0,42131901612835737	-0,47438196699569596	2,752825589818991	-0,17232547123586148	0,8631816607318693	NA	1	1	1
hsa-miR-629-3p	1,117117722359996	-0,14166753781329597	1,1759847018599954	-0,12046716049046183	0,9041130922929052	NA	1	1	1
hsa-miR-636	0,5895366875488817	-1,447330809525598	1,6584184557762407	-0,8727175005105445	0,38281707642492807	NA	1	1	1
hsa-miR-641	3,002915969260657	-0,5459491923090488	0,6570724613186282	-0,8308812565564312	0,4060407131663397	NA	1	1	1
hsa-miR-642a-5p	0,25402485426421206	-0,1516498906729812	4,443655447026287	-0,03412728382765724	0,9727756518047382	NA	1	1	1
hsa-miR-642a-3p	0,3887065247269628	0,10269689760315985	3,0952373638824726	0,03317900552684699	0,9735318400662067	NA	1	1	1
hsa-miR-652-5p	37,50532173176913	0,19119026634241268	0,27900795511671855	0,6852502333219541	0,49318603008602907	0,7457055537156724	1	1	1
hsa-miR-652-3p	19,905726857834697	0,13394665261358166	0,33079261265480864	0,40492637226260775	0,6855316325188707	0,8661606998824449	1	1	1
hsa-miR-548d-3p	3,9478914801482907	0,764414789248542	1,2166659098619355	0,6282865189633579	0,5298162613001595	NA	1	1	1
hsa-miR-663a	8,979917137724078	-1,4605620838968634	0,8802312109857409	-1,6592936783748327	0,09705662851000696	NA	1	1	1
hsa-miR-449b-5p	6,418452842534724	1,3685410778860565	0,5928609362546421	2,3083677709172745	0,020978689974804947	NA	1	1	1
hsa-miR-411-5p	0,3317038398643587	0,23037066663705402	2,4658992514255895	0,09342257860043218	0,9255678538281424	NA	1	1	1
hsa-miR-411-3p	0,2876816894477721	-1,812882980271642	2,733199096922032	-0,6632824452171099	0,5071496774620073	NA	1	1	1
hsa-miR-660-5p	1,5646413989028776	-2,6888442954480802	1,2968083238548704	-2,0734323230246297	0,038132063397874894	NA	1	1	1
hsa-miR-421	10,498713606169021	-0,5433815455109375	0,46091087559385124	-1,178929754718477	0,23842614835631504	NA	1	1	1
hsa-miR-542-3p	12,901629224518478	-0,3768409327495749	1,0070282480475365	-0,37421088582193	0,7082474256886954	0,8661606998824449	1	1	1
hsa-miR-758-5p	0,34929820880361095	-2,7155361194359218	5,000775614117967	-0,5430229886279122	0,5871139744801548	NA	1	1	1
hsa-miR-671-5p	146,61765724931337	-0,27263624368190076	0,1248929065902603	-2,1829601946597834	0,02903874149776553	0,1752004070365187	1	1	1
hsa-miR-671-3p	0,6334196067305377	-1,9889107600420626	2,5397949606272365	-0,7830989473067047	0,4335690093053679	NA	1	1	1
hsa-miR-668-3p	1,8323585752940412	0,016014724382685967	1,0507945615727834	0,015240585522935926	0,9878402428509807	NA	1	1	1
hsa-miR-151b	2,412485433077513	1,1670405212114636	0,9036821957603006	1,29142803375648	0,1965552949401252	NA	1	1	1
hsa-miR-320b	30,534170788676683	0,2514596735626774	0,2447780093142722	1,0272968322077762	0,3042807135757781	0,6330437834162739	1	1	1
hsa-miR-320c	4,959397606321005	-0,20685661040046857	0,6003065540188014	-0,34458496082651446	0,730406413614477	NA	1	1	1
hsa-miR-1296-5p	0,8920058069804045	-2,092339228653873	1,2883825265258948	-1,6240046613297652	0,1043748137186115	NA	1	1	1
hsa-miR-1296-3p	0,5866342933419728	0,8082448861765094	2,518188772568889	0,3209627868176029	0,7482385918970241	NA	1	1	1
hsa-miR-1271-3p	0,28661740695500837	-1,5430462968265013	3,731964180005355	-0,4134676064399651	0,6792640510900276	NA	1	1	1
hsa-miR-1301-3p	75,90913656317534	-0,15325075339973449	0,2528717683413562	-0,606041371897469	0,5444872808672192	0,7821603002933863	1	1	1
hsa-miR-454-5p	0,6560892202916041	0,4713924740584499	2,24027064228073	0,21041764560131185	0,8333417217314442	NA	1	1	1
hsa-miR-454-3p	259,81839396257567	-0,4049559664592904	0,18542379388044952	-2,1839482300765694	0,02896605241565974	0,1752004070365187	1	1	1
hsa-miR-449c-5p	97,17768182058451	0,8002717919064467	0,37505257291307925	2,133758970617473	0,03286251607421173	0,19187469062684911	1	1	1
hsa-miR-769-5p	11,98578691423503	0,005982802375999725	0,4035345398342088	0,014825998236626151	0,9881709982660126	0,9974727095562751	1	1	1
hsa-miR-769-3p	0,4923771788280532	0,5422128262111406	2,4914173085203806	0,2176322787663194	0,8277156324282298	NA	1	1	1
hsa-miR-766-5p	0,3377214522246186	1,8087319220519915	2,4443472105566144	0,7399652202602249	0,4593210982018303	NA	1	1	1
hsa-miR-378d	1,6030583217614804	0,8146070559797105	1,456033161078233	0,5594701259252031	0,5758409139522466	NA	1	1	1
hsa-miR-675-5p	0,3750396436362287	1,6524352045383248	4,2694237469507925	0,38703939980623575	0,6987270398008948	NA	1	1	1
hsa-miR-874-5p	1,2116544660638544	-0,32779663997788067	1,2541983230692217	-0,26135949470551867	0,7938152902365355	NA	1	1	1
hsa-miR-874-3p	10,917766993889003	-0,08305826967287605	0,38128791232484066	-0,2178360944264974	0,8275568205229229	NA	1	1	1
hsa-miR-708-5p	7,108399091426296	-0,9180274211891007	1,3962523623821281	-0,6574939072066213	0,5108633873457524	NA	1	1	1
hsa-miR-708-3p	4,678726749736377	-0,06665304823022548	0,6222539009801369	-0,10711551687379961	0,9146973373070597	NA	1	1	1
hsa-miR-147b-5p	0,3367023690632073	0,58357832298971	3,1891554544998284	0,18298835892941306	0,8548071526256977	NA	1	1	1
hsa-miR-147b-3p	0,34770995096558	-1,0396343498643752	2,7236724029114137	-0,3817031551786769	0,7026815594865146	NA	1	1	1
hsa-miR-744-5p	3,2809366549336993	-1,2635999691928974	0,793229692987108	-1,5929811760254342	0,11116441398134305	NA	1	1	1
hsa-miR-877-3p	2,533048342333914	-0,30835473195797114	0,675214201782863	-0,45667690511215375	0,6479032930948334	NA	1	1	1
hsa-miR-887-3p	3,9839339991987655	-0,5894576752498807	1,2259310489940942	-0,4808244931340509	0,630641240835973	NA	1	1	1
hsa-miR-543	1,0114363393611352	0,7483697310053726	1,255670105443216	0,5959923133960566	0,5511803617296832	NA	1	1	1
hsa-miR-374b-5p	14,546924673429851	0,38533310245070984	0,3201227940556093	1,203704046091053	0,2287039878638532	0,5962999928816848	1	1	1
hsa-miR-374b-3p	2,693214896901302	0,1978265702006838	0,7060463324410506	0,28018921862638635	0,7793323378235206	NA	1	1	1
hsa-miR-301b-3p	0,4667250611529809	-1,5394577243617555	2,018770385573391	-0,7625719771614857	0,44571870215168824	NA	1	1	1
hsa-miR-933	0,4679191566734787	-1,1209554206470094	2,420390009036165	-0,463130080880391	0,6432711295623774	NA	1	1	1
hsa-miR-939-5p	0,7045986928961095	-1,0535277755956032	1,87579694615234	-0,5616427608311302	0,5743594401232206	NA	1	1	1
hsa-miR-939-3p	0,3156648488200454	0,006503027017188755	3,6335991523068545	0,0017896930136226486	0,9985720323381507	NA	1	1	1
hsa-miR-940	1,095358435712445	0,6416311319842959	1,4323789539201677	0,44794789132321794	0,6541908039676143	NA	1	1	1
hsa-miR-941	5,109117049882239	-0,561915281682363	0,546594617115522	-1,0280293001195124	0,30393604527991697	NA	1	1	1
hsa-miR-942-5p	0,41879659609921005	-1,0577061933149876	1,8587058665849476	-0,5690551756090063	0,5693186964319846	NA	1	1	1
hsa-miR-297	2,5416882593349435	2,595391497538651	1,1959063775176664	2,1702296654073248	0,029989451814543055	NA	1	1	1
hsa-miR-1180-3p	3,580861962395758	-0,03289329406347264	0,8004372804270672	-0,04109415549201141	0,9672208339113347	NA	1	1	1
hsa-miR-1226-5p	0,3803081405475347	-0,16326440569499395	2,0519891934670005	-0,07956396954466687	0,9365840524709657	NA	1	1	1
hsa-miR-1226-3p	0,6006336226140186	-0,5783392967431285	2,1719462138054717	-0,2662769883835286	0,7900258941468996	NA	1	1	1
hsa-miR-1229-3p	1,444367244732316	0,006033702958230178	1,2002264385775148	0,005027137183697775	0,9959889417507464	NA	1	1	1
hsa-miR-663b	0,7133579627730524	-1,5503088889347678	1,6699067824031453	-0,9283804972057988	0,3532102314381812	NA	1	1	1
hsa-miR-1285-5p	13,772632847250884	-1,3161618463249007	0,7258694470533092	-1,8132211676189194	0,06979771630233031	0,32088015304387785	1	1	1
hsa-miR-1285-3p	34,71343877969595	-1,576235358992894	0,6191795151417797	-2,5456839582814164	0,010906388118045214	0,11153819000484536	1	1	1
hsa-miR-1290	1050,401791466071	-0,515587319759754	1,164489850434097	-0,4427581052488813	0,6579407092388722	0,8629512200886656	1	1	1
hsa-miR-1291	7,081780591596245	-0,48069685331898043	0,5486919617420741	-0,8760778120255087	0,3809877339693187	NA	1	1	1
hsa-miR-1303	21,648204852273057	0,08912241249852071	0,4443906398394786	0,2005497067416029	0,8410506871651732	0,9268735321999939	1	1	1
hsa-miR-1304-5p	1,002358661197708	-1,529147867747457	1,2880812081724695	-1,1871517556855076	0,2351677666444533	NA	1	1	1
hsa-miR-1304-3p	1,01799846076397	-2,1560843638163267	1,476133307319051	-1,4606298449644775	0,14411705127835311	NA	1	1	1
hsa-miR-1244	1,394667529967523	-0,9541011388294814	1,1942372779591532	-0,7989209149960187	0,424336270602922	NA	1	1	1
hsa-miR-1246	458,9916969365987	-0,9119375819073331	0,8668358538853644	-1,0520302982621357	0,29278564904364945	0,6249408594195632	1	1	1
hsa-miR-1247-5p	2,3171864207571113	-0,0877009987305741	0,8611326917046456	-0,10184376876572479	0,9188806837932098	NA	1	1	1
hsa-miR-1248	193,11333903721805	0,07888418047378931	0,4221364595188471	0,1868689109765639	0,8517634152352757	0,9268735321999939	1	1	1
hsa-miR-1249-5p	0,38267985714560504	-1,1139415897856748	1,7583652935115306	-0,6335097683605242	0,5264008038838726	NA	1	1	1
hsa-miR-1249-3p	1,140036266338486	-0,338039519617056	1,1336016383625127	-0,29819956868212893	0,7655508509676845	NA	1	1	1
hsa-miR-1253	0,3483966982052748	-0,7047062884482306	2,389474270823065	-0,2949210615293595	0,7680541823833862	NA	1	1	1
hsa-miR-1257	0,46582665292368336	0,857570062209084	1,8336991471251054	0,467672171606554	0,6400190446953938	NA	1	1	1
hsa-miR-548n	0,5434048245157885	-0,23939973548332427	1,8968799805905288	-0,12620710742531815	0,8995679854432352	NA	1	1	1
hsa-miR-1268a	0,37523995057966414	-0,47438723410304773	2,485051220941145	-0,19089636064860932	0,8486067915244051	NA	1	1	1
hsa-miR-1269a	0,9589013561847979	2,8766694360309275	1,4834362007645068	1,9391932289021943	0,05247781380300396	NA	1	1	1
hsa-miR-1270	0,24903329160714063	1,6004583714874194	3,7007967193907874	0,43246319450663623	0,6654047968924325	NA	1	1	1
hsa-miR-1272	0,480893297566362	1,1075375354516899	2,312751188730901	0,47888313314820513	0,6320217707713378	NA	1	1	1
hsa-miR-548h-3p	0,3078264531629026	-1,9897283065523714	2,7544494372953703	-0,722368789788391	0,47006777010070055	NA	1	1	1
hsa-miR-1277-5p	0,5795687992997788	-1,7410496155414104	1,598770608436595	-1,0889927587822916	0,27615707894178615	NA	1	1	1
hsa-miR-1292-5p	5,711871361667967	-0,3569598777062325	0,5198796683507443	-0,6866201920122108	0,49232210080634975	NA	1	1	1
hsa-miR-664a-5p	0,5932392211584374	1,5147524147323093	2,2620677160862175	0,6696317727185914	0,5030925545637206	NA	1	1	1
hsa-miR-664a-3p	21,40900804550783	-0,315853993637278	0,42272616660854684	-0,747183445423584	0,454952835482787	0,7362287518222993	1	1	1
hsa-miR-1307-3p	19,92337383151411	-0,28169946225798	0,31264898569088856	-0,901008719524496	0,3675836836084427	0,6910780240577065	1	1	1
hsa-miR-1322	0,3074904714819794	-1,542968107944095	3,6391912165022644	-0,4239865443034037	0,6715756264659531	NA	1	1	1
hsa-miR-1469	0,43711603784535746	-0,5800261314532337	2,763009011435766	-0,20992553012045	0,8337257960207798	NA	1	1	1
hsa-miR-103b	532,5974009822579	-0,045991038044613804	0,12429757128013938	-0,370007535714114	0,7113768755714777	0,8661606998824449	1	1	1
hsa-miR-320d	1,3542979700013997	-0,14122573070902042	1,0373279173053145	-0,13614376741723588	0,8917076282196403	NA	1	1	1
hsa-miR-1908-3p	1,2237001438050328	-2,2463775836492563	1,3385659820572897	-1,6781971257006836	0,0933086226993586	NA	1	1	1
hsa-miR-1910-3p	0,6303432616850754	-1,5383836528544066	1,8243414174409052	-0,8432542495320718	0,3990862638928518	NA	1	1	1
hsa-miR-1913	0,6464888772106481	-0,8433357791958475	1,633410074948415	-0,5163037697208284	0,6056422637576709	NA	1	1	1
hsa-miR-1915-5p	0,2792218673852132	-1,0609430263549715	2,7784767048447003	-0,38184341243712955	0,7025775157324032	NA	1	1	1
hsa-miR-1972	4,272568867307926	-0,9629367555590754	0,5752219508447656	-1,6740264416977055	0,09412540282439012	NA	1	1	1
hsa-miR-1973	5,850586782221383	-0,1829221519296609	0,742002030059209	-0,24652513675072346	0,8052757484411988	NA	1	1	1
hsa-miR-1976	0,3308641837712121	0	3,140688751785201	0	1	NA	1	1	1
hsa-miR-2110	14,139642782764742	0,03513748120409471	0,3253321671852799	0,1080049400220654	0,9139917735645962	0,9561612356795176	1	1	1
hsa-miR-2115-5p	1,168301068404726	-1,5607244452465296	1,5529172035079255	-1,0050274681231994	0,3148836235441375	NA	1	1	1
hsa-miR-548q	1,0406256492732049	-2,4855714136044815	1,4887929121055257	-1,6695212567134416	0,09501412128664145	NA	1	1	1
hsa-miR-2277-5p	2,24401468664826	0,8232320412548216	0,8249342060873163	0,9979366053438757	0,31831010027595885	NA	1	1	1
hsa-miR-2277-3p	0,4724034882812869	2,4678623018368193	2,3803432024794837	1,03676742885907	0,29984425854545116	NA	1	1	1
hsa-miR-2278	0,3604615112011885	-1,484212689182795	3,1636434551306665	-0,46914663748715424	0,6389648251762393	NA	1	1	1
hsa-miR-718	0,40176472838117466	0,006494128681387348	2,1196763172289335	0,003063736018845162	0,9975554961564022	NA	1	1	1
hsa-miR-2861	0,2613338975818815	1,5875368155573735	4,353238463348063	0,3646794975564935	0,7153506647378005	NA	1	1	1
hsa-miR-3120-5p	4,32377223019256	0,4258574467427999	0,6474962245511247	0,657698733360221	0,5107317364389005	NA	1	1	1
hsa-miR-3130-5p	0,5180534208734107	-1,2763453975862196	2,2165679877263464	-0,5758205499013076	0,564736481917651	NA	1	1	1
hsa-miR-3132	0,33423453108353723	-1,0447542064497137	2,7728240721973116	-0,3767834450534769	0,7063345445344192	NA	1	1	1
hsa-miR-3135a	0,3840852962228387	-3,1091160838194174	2,2353924804606837	-1,3908591493421645	0,16426814244089802	NA	1	1	1
hsa-miR-548t-3p	9,401203356334186	0,001310371045268599	0,9474837133212656	0,0013830011290381816	0,9988965251033355	NA	1	1	1
hsa-miR-3141	1,080754592364519	-0,8785929685435078	1,7488742894358071	-0,5023762850484496	0,6154028574966087	NA	1	1	1
hsa-miR-1273c	0,5848193562483562	-0,016123857429251605	2,1334609998408225	-0,007557605895047815	0,9939699603431347	NA	1	1	1
hsa-miR-3146	24,322104815219266	-0,9843949567787548	1,0061404887814895	-0,9783871812682241	0,3278828657375952	0,6578520037315408	1	1	1
hsa-miR-3147	0,3494850463258967	-0,9552191800405896	4,249419875705347	-0,22478813767068287	0,8221440947040709	NA	1	1	1
hsa-miR-548v	1,7850595324845475	-0,565098585665539	1,1426888643526558	-0,49453407948074546	0,6209290444325719	NA	1	1	1
hsa-miR-3149	0,6319057741889859	1,4456863420971733	1,595709415584246	0,9059834628899874	0,3649446055154403	NA	1	1	1
hsa-miR-3074-5p	51,117323677473244	0,0802822430043341	0,34291538533588983	0,2341167717677545	0,8148943257285597	0,9268735321999939	1	1	1
hsa-miR-3074-3p	1,784351278282904	0,01277365022988715	0,8665944309707743	0,014740055755467853	0,9882395629524245	NA	1	1	1
hsa-miR-3162-3p	5,119975900517097	-1,0994219442056108	1,1106160609417968	-0,9899208042006042	0,32221282991755235	NA	1	1	1
hsa-miR-323b-5p	0,2550748569672198	-1,9957768803238114	4,359031684591338	-0,4578486748280924	0,6470611630622758	NA	1	1	1
hsa-miR-3178	12,590695358687457	-1,3435898751839972	1,5174904050765397	-0,8854025506119947	0,3759395572482748	0,6910780240577065	1	1	1
hsa-miR-3184-5p	46,82814847245263	-0,14827655172609555	0,1948881261172229	-0,760829069888583	0,44675916880316685	0,7362287518222993	1	1	1
hsa-miR-3184-3p	108,11614439898007	0,11530163291600395	0,1720882924424147	0,6700143936554367	0,5028486146497717	0,7457055537156724	1	1	1
hsa-miR-3065-5p	10,582776537129863	0,5158806292713576	0,46531880744905046	1,1086606021783105	0,26757662395774867	NA	1	1	1
hsa-miR-3187-5p	0,300626519916471	-0,47437269807047744	3,641099630692133	-0,13028281183844026	0,8963426783267456	NA	1	1	1
hsa-miR-3192-5p	0,6047825512832081	2,7270150235791917	2,1674653047940415	1,2581585585464863	0,20833441898029406	NA	1	1	1
hsa-miR-3195	8,142704565445657	-0,7798445570414715	1,081743966863939	-0,7209141727892435	0,47096232234328506	NA	1	1	1
hsa-miR-3196	0,544542309473178	1,4532685360160416	3,5152969177438047	0,41341274151851204	0,679304241019328	NA	1	1	1
hsa-miR-3200-5p	2,438014206401728	-0,4014648484303411	0,9807754782296012	-0,409334100761803	0,6822944934557928	NA	1	1	1
hsa-miR-3200-3p	0,6204593675950884	2,1080648733054677	1,732732423762493	1,2166130467668919	0,22375147640401433	NA	1	1	1
hsa-miR-514b-3p	0,48993752411672875	-2,4000421221429615	2,3231521440129494	-1,0330972632714421	0,30155838395811163	NA	1	1	1
hsa-miR-378c	4,31135467215249	-0,07051147555536419	0,6671875745977691	-0,10568463538589401	0,9158325712585802	NA	1	1	1
hsa-miR-4301	46,68546592862309	-0,036158401410824846	0,2392673296551278	-0,15112134808769087	0,8798799925580528	0,9368134038412209	1	1	1
hsa-miR-4298	0,4447479901932825	-3,462196025104203	2,5455898202984133	-1,3600761589698447	0,173805824668191	NA	1	1	1
hsa-miR-4321	0,3141260840969149	-0,5642479803612369	2,4593936903118587	-0,22942564363889562	0,8185381069007032	NA	1	1	1
hsa-miR-4326	0,3985837954650843	1,3189123553096584	1,920505442810399	0,6867527297291119	0,49223856237681124	NA	1	1	1
hsa-miR-4284	0,80141419652252055	-2,11765393434607	1,5199174560684898	-1,3932690396383245	0,1635384492510664	NA	1	1	1
hsa-miR-3605-5p	1,2472300640911116	-0,6989445510324237	1,1820035061822969	-0,5913218931895685	0,5543047631778699	NA	1	1	1
hsa-miR-3609	275,1056097611133	-0,7342064720098297	0,9076807050134332	-0,8088818765834224	0,41858309449048947	0,7215575247883677	1	1	1
hsa-miR-3611	0,6862337759966368	-0,18420477091929602	2,222687883815256	-0,08287478069260336	0,9339511071345192	NA	1	1	1
hsa-miR-3613-5p	1,6598018817154894	2,2398461005420596	1,1953627442582606	1,873779412400807	0,06096083513622194	NA	1	1	1
hsa-miR-3613-3p	0,8563500108588814	2,2271717614102915	1,7493057461958756	1,273174667295072	0,20295606779433237	NA	1	1	1
hsa-miR-3614-5p	0,356509949059773	-1,0603025296603354	2,5011040945408083	-0,42393378667232257	0,6716141029004631	NA	1	1	1
hsa-miR-3615	2,2153685286957248	0,12287571079534643	0,8530807524704312	0,14403760774054675	0,8854707725828992	NA	1	1	1
hsa-miR-3619-5p	2,680766136963947	0,14331186152074793	0,7702996629345136	0,1860468963140796	0,8524079853319126	NA	1	1	1
hsa-miR-23c	0,6920039427857818	1,1884933597928413	1,5581145104540635	0,7627766456308095	0,4455966114724357	NA	1	1	1
hsa-miR-3651	8,039776882124809	0,22515987476014532	1,0041432479195551	0,22423083083678072	0,822577694655378	NA	1	1	1
hsa-miR-3654	0,3261434841955607	-0,47437218959681243	3,6121200008181256	-0,13132791532102192	0,8955159097948694	NA	1	1	1
hsa-miR-3662	3,304739829411939	-1,447073952856559	0,7440445357932566	-1,9448754519966656	0,05178997018604469	NA	1	1	1
hsa-miR-3679-5p	0,48385207462500507	-1,5281899087600705	1,7118065393798765	-0,8927351739838992	0,37199900923220774	NA	1	1	1
hsa-miR-3682-3p	0,2129971118875957	-1,5437857606078589	5,240620798192848	-0,29458070332816505	0,768314204891662	NA	1	1	1
hsa-miR-3691-5p	0,7280440316347598	-1,3879177026045875	1,537959206099181	-0,9024411682055256	0,3668225603472766	NA	1	1	1
hsa-miR-3911	0,29509083631880173	0,10268132455406573	2,191892336153204	0,0468459708811577	0,9626359897645644	NA	1	1	1
hsa-miR-3916	4,3918683374339285	0,7498814627415198	0,6784151998362022	1,10534295652953	0,2690110110871229	NA	1	1	1
hsa-miR-3926	0,5223321168517452	-0,6251802200953197	2,759936103589729	-0,22651981662987594	0,8207971483039509	NA	1	1	1
hsa-miR-3928-3p	0,29819377747017206	1,3616423986189143	2,4740826204126005	0,5503625414060888	0,5820707356770689	NA	1	1	1
hsa-miR-3934-5p	0,8891537887717488	0,9286004227432901	1,4803028872508526	0,6273043380114203	0,5304597604031893	NA	1	1	1
hsa-miR-548y	0,3361938703023975	0	3,6294775794937957	0	1	NA	1	1	1
hsa-miR-3940-3p	0,3790840599712568	-0,4743969171588045	1,8491102653510048	-0,256554152582541	0,7975229714553749	NA	1	1	1
hsa-miR-374c-5p	12,722328645348993	0,40725564611909687	0,35206530293850175	1,1567616652932018	0,24736974786471533	0,6025009522407558	1	1	1
hsa-miR-374c-3p	14,546924673429851	0,38533310245070984	0,3201227940556093	1,203704046091053	0,2287039878638532	0,5962999928816848	1	1	1
hsa-miR-642b-5p	0,3887065247269628	0,10269689760315985	3,0952373638824726	0,03317900552684699	0,9735318400662067	NA	1	1	1
hsa-miR-550b-2-5p	0,44547773618580394	0,5054335999956411	2,1113355629042325	0,23939046396793293	0,810802823727	NA	1	1	1
hsa-miR-548z	0,3078264531629026	-1,9897283065523714	2,7544494372953703	-0,722368789788391	0,47006777010070055	NA	1	1	1
hsa-miR-548aa	9,401203356334186	0,001310371045268599	0,9474837133212656	0,0013830011290381816	0,9988965251033355	NA	1	1	1
hsa-miR-1268b	0,628836436830048	-0,009247277155549332	1,7579259869525532	-0,005260333611416666	0,9958028803832801	NA	1	1	1
hsa-miR-548ab	0,6308250640227373	-0,19256623765253572	2,1966670411397384	-0,08766291570188213	0,9301445950916268	NA	1	1	1
hsa-miR-4448	2,7363831732757586	-1,469457797435179	0,8021013509525144	-1,8320101265135171	0,0669499119163304	NA	1	1	1
hsa-miR-4449	0,7943577834572167	-0,02632456107492403	2,109768084025072	-0,012477466729282075	0,9900446802587141	NA	1	1	1
hsa-miR-4452	0,3822607548521969	0,10270474343375617	3,6369576578053575	0,028239191405855162	0,9774713794561593	NA	1	1	1
hsa-miR-3135b	1871,0807611267146	0,368334991675128	0,3458505903464152	1,0650118922919627	0,2868705481828694	0,6249408594195632	1	1	1
hsa-miR-4472	0,4370588664078001	0,259153138641508	3,14554733255123	0,08238729583233423	0,9343387381621178	NA	1	1	1
hsa-miR-4484	14,407588678641858	-0,44773885303620764	0,3322671956016693	-1,3475265056649433	0,17781072273441814	0,5662435050177698	1	1	1
hsa-miR-4485-3p	26,31942316579297	-0,5580721749167729	0,45998011808246364	-1,2132528189331948	0,22503317552378627	0,5962999928816848	1	1	1
hsa-miR-4488	2,684953317978395	-1,5971333682061746	1,215620095758744	-1,3138425185454872	0,18889920581396497	NA	1	1	1
hsa-miR-4492	0,8234292334139282	-2,5633233115242997	2,067274946705563	-1,2399527772584125	0,21499286115142066	NA	1	1	1
hsa-miR-4496	0,962660656141016	0,3354487439453016	1,5158383488849152	0,2212958553212915	0,8248620769648713	NA	1	1	1
hsa-miR-4497	17,830661882762655	-0,31721696081996376	1,2217808621062907	-0,2596349072558701	0,7951454073561756	0,9268735321999939	1	1	1
hsa-miR-4502	4,547830032591887	-0,6242922215660613	0,6310608652676989	-0,9892741824534369	0,3225290120909054	NA	1	1	1
hsa-miR-4508	2,0163735456914074	-2,4043328847650973	1,45337000375677	-1,6543157479170572	0,09806337491942503	NA	1	1	1
hsa-miR-4516	2,5709849165130745	-0,23274583135258411	1,0164935473304675	-0,22896931511648563	0,8188927655908733	NA	1	1	1
hsa-miR-4517	25,84597364944623	-0,16650769396082762	0,2785528401318123	-0,597759814195524	0,5500002081091483	0,783858564313038	1	1	1
hsa-miR-4521	30,42547989770827	-0,548143091948324	0,39470711722765955	-1,3887337421183756	0,1649137297376658	0,5527663904169908	1	1	1
hsa-miR-1269b	0,42722714762442476	-1,541252366062429	2,526081260420068	-0,6101357031587061	0,5417719175302154	NA	1	1	1
hsa-miR-4524a-3p	1,5037351302916462	-1,02442386390568	1,3248354872609889	-0,7732460926326857	0,4393767524040995	NA	1	1	1
hsa-miR-548am-3p	0,3530379785462963	-0,5806595825631725	3,13966151839398	-0,18494337022042914	0,8532734531992561	NA	1	1	1
hsa-miR-3960	33,76548914315387	-0,8955737085470646	0,7470705543432667	-1,19878062833616	0,2306132569155687	0,5962999928816848	1	1	1
hsa-miR-4632-3p	3,456903427240783	-1,6891788258686014	1,029196365839175	-1,6412599985147607	0,10074345585878187	NA	1	1	1
hsa-miR-4634	10,343809592899811	-1,5286647712007086	1,04356605358619	-1,4648471612769394	0,14296262151755426	NA	1	1	1
hsa-miR-4640-5p	0,41656750021953537	-0,2997071581375719	3,1069276655664066	-0,09646415700602864	0,9231519396990184	NA	1	1	1
hsa-miR-4644	1,0330229599506295	1,2501992331184628	1,5346155899596654	0,8146660579352788	0,41526348708884797	NA	1	1	1
hsa-miR-4647	0,28273244768273437	0	5,203800013414812	0	1	NA	1	1	1
hsa-miR-4650-5p	25,81055744696383	-0,4051585143612816	0,3307314246266036	-1,2250378530516304	0,22056095870671602	0,5962999928816848	1	1	1
hsa-miR-4654	0,31858231761097927	0,006500500586264031	2,8187743998520367	0,002306144325209302	0,9981599646789097	NA	1	1	1
hsa-miR-4657	0,40496990313530673	-2,8612356825278265	3,5320802783837424	-0,8100709658380443	0,41789939016626754	NA	1	1	1
hsa-miR-4664-3p	1,2215246560270112	-0,9857716153124257	1,3103610755420403	-0,7522900624201266	0,4518766427072353	NA	1	1	1
hsa-miR-4665-3p	0,513596996314253	-0,856915119894119	3,0510271758062557	-0,2808611888773731	0,7788168696795226	NA	1	1	1
hsa-miR-4668-5p	1,868075231870705	-1,5740300959333917	1,2980961039820815	-1,2125682305838883	0,2252949413716507	NA	1	1	1
hsa-miR-1343-3p	1,7024786331995159	-2,1722438172623835	1,6439482704451418	-1,321357767951051	0,18638210058860488	NA	1	1	1
hsa-miR-4701-3p	1,1700662483966482	0,5725645797021797	1,839502537413845	0,3112605544470451	0,7556025518360355	NA	1	1	1
hsa-miR-4706	8,233833525148968	-1,4570982442047944	0,6265564635629076	-2,3255657373942302	0,020041729182071658	NA	1	1	1
hsa-miR-203b-5p	4,305947780702657	-1,3050124848279352	3,212947199339751	-0,40617302553123513	NA	NA	NA	NA	NA
hsa-miR-203b-3p	0,4886383330854917	0	5,241278632773517	0	1	NA	1	1	1
hsa-miR-3529-3p	186,03415472115805	-0,20228741957800023	0,15029380644541399	-1,345946478848881	0,17831977782327554	0,5662435050177698	1	1	1
hsa-miR-4723-5p	0,6095563816796565	-0,39386060990086325	1,5959314489303198	-0,2467904308576976	0,805070416547906	NA	1	1	1
hsa-miR-4725-5p	0,43356004770222856	1,197093695551061	2,510252156620458	0,47688185124904076	0,6334462561421919	NA	1	1	1
hsa-miR-4726-5p	0,26791855844488266	1,5021264045494493	2,4401548286149546	0,6155865139926652	0,5381674542426496	NA	1	1	1
hsa-miR-4727-5p	0,3368165083452473	-2,263283333332703	4,985550795289101	-0,45396856360811794	0,6498514533440473	NA	1	1	1
hsa-miR-4728-3p	2,563742234467553	1,397608107341087	0,8169640772528074	1,7107338575287208	0,08713025450935984	NA	1	1	1
hsa-miR-4732-5p	0,3316305242038355	1,515487360502902	3,081090159898742	0,4918672553719452	0,622813187791295	NA	1	1	1
hsa-miR-3064-3p	0,3203703572352934	-0,9552468902044232	3,6402687122167787	-0,2624110926203346	0,7930045215763276	NA	1	1	1
hsa-miR-4739	1,7340319879061774	-1,021582596062406	1,1613024895353978	-0,8796869078194351	0,3790289437016086	NA	1	1	1
hsa-miR-4745-5p	0,35640861884887576	-2,373190817408533	2,3376746264920114	-1,0151929573577219	0,310013857045046	NA	1	1	1
hsa-miR-4749-5p	0,3186935498201772	-1,6676291437472777	2,6725438778060138	-0,6239856930305271	0,5326369809541368	NA	1	1	1
hsa-miR-4758-5p	1,0524607429570652	0,8213576521364137	1,4778493344411245	0,5557790181954001	0,5783619306843961	NA	1	1	1
hsa-miR-4763-3p	0,37039969882089313	-0,47438818736164395	2,751029158494737	-0,17244026145517555	0,8630914221562593	NA	1	1	1
hsa-miR-4771	15,321441756926983	-1,0757702265916322	1,0240389298749573	-1,0505169239249448	0,2934805140920601	0,6249408594195632	1	1	1
hsa-miR-4776-5p	0,5535024198594176	0,5822770916549991	2,186795798996847	0,266269530937506	0,7900316370848781	NA	1	1	1
hsa-miR-4776-3p	0,4740665390559341	0,006497808960597349	2,197868385502716	0,0029564140434692643	0,9976411263156192	NA	1	1	1
hsa-miR-4785	1,2244393119793218	-2,493277280630879	1,3259124013400512	-1,8804238335134469	0,060050337876941105	NA	1	1	1
hsa-miR-2467-3p	0,4361775473505119	-1,0459179094848543	2,0574140657848936	-0,508365295483601	0,6111971862453198	NA	1	1	1
hsa-miR-4787-5p	9,13984168715175	-1,50102940018746	1,0621541505946246	-1,4131935551418222	0,15759882099960087	NA	1	1	1
hsa-miR-4800-3p	87,4661526208168	-0,6583562858220524	0,9867017828988801	-0,6672292451806815	0,5046257133382468	0,7457055537156724	1	1	1
hsa-miR-5001-3p	0,5616427334859964	1,0220417820977783	1,8691636825140587	0,5467909480902784	0,5845223626053511	NA	1	1	1
hsa-miR-5010-3p	2,335740772340151	0,6846269927330312	0,8918478499206953	0,7676499896186434	0,4426951548965803	NA	1	1	1
hsa-miR-5094	0,3884320851992552	-2,173409312258601	2,6194494457731983	-0,8297198923864183	0,4066971718186124	NA	1	1	1
hsa-miR-5196-3p	0,530870489853345	1,1560676701615955	1,8634096981995296	0,6204044506576387	0,5349915429893721	NA	1	1	1
hsa-miR-664b-3p	25,46915571685629	0,18427076473050336	0,501017098398494	0,36779336537520707	0,7130273164778138	0,8661606998824449	1	1	1
hsa-miR-5585-5p	2,5788637746744816	-1,0195145396997658	0,7286643184682068	-1,3991552953258126	0,16176641904477693	NA	1	1	1
hsa-miR-5585-3p	20,27501934476191	-0,6828358627395438	0,4263554716034377	-1,6015646760003681	0,10925190733437148	0,4119707339066925	1	1	1
hsa-miR-548au-3p	0,3079295526698055	0,0064955564703014545	2,443626209069599	0,0026581628753992665	0,9978790953792784	NA	1	1	1
hsa-miR-5684	3,341063686435152	0,33399089879481236	1,0629198180817212	0,3142202197316956	0,7533537867258238	NA	1	1	1
hsa-miR-5689	1,2593466894930885	-1,5908120726632806	1,284621269012189	-1,2383510307956658	0,21558592960958628	NA	1	1	1
hsa-miR-5701	1,1523480755090576	1,2826105218940902	1,6396075170012159	0,7822667977516592	0,43405779521208515	NA	1	1	1
hsa-miR-5708	0,44799860414710374	-1,4306466760157768	2,0001485416611424	-0,7152702142949898	0,4744420898575041	NA	1	1	1
hsa-miR-5787	15,283745918403666	-1,0090615357955655	1,1409795186745317	-0,8843818134157092	0,3764901370664104	0,6910780240577065	1	1	1
hsa-miR-6073	1,9250895121933929	3,0461827817251463	1,3198437898754494	2,30798735811956	0,02099983963442324	NA	1	1	1
hsa-miR-6088	2,571922700112101	-0,57813768246707	1,000003245953533	-0,5781358058651084	0,563172434689922	NA	1	1	1
hsa-miR-6089	3,1793836686091663	-1,6256234961104805	1,2233684333543542	-1,3288094181514747	0,18391085417789244	NA	1	1	1
hsa-miR-6126	7,187081220715799	-1,5963056367518182	1,7712328505392634	-0,9012398546389949	0,36746080479571175	NA	1	1	1
hsa-miR-6501-5p	0,25636350623224685	-2,3053409712202293	4,3206767709654255	-0,5335601558329753	0,593645881085975	NA	1	1	1
hsa-miR-6505-5p	0,30625554024483276	-0,4743874606033623	2,773216237961908	-0,17106039338353185	0,8641762782841929	NA	1	1	1
hsa-miR-6510-5p	7,172158618699678	-1,2417050077652305	0,8899313631713877	-1,3952817702033236	0,16293088713205453	NA	1	1	1
hsa-miR-6511a-5p	2,7268149075942336	0,016067522698179057	0,7199502037638943	0,02231754726115524	0,9821946516778965	NA	1	1	1
hsa-miR-6511a-3p	0,9904915941449731	-2,1973373152970357	1,199690106528525	-1,831587426902557	0,06701291143416359	NA	1	1	1
hsa-miR-6511b-5p	2,706581860690958	-0,03201084070513102	0,7656549223403362	-0,041808443688032736	0,9666514038103725	NA	1	1	1
hsa-miR-6511b-3p	0,5295125298103258	-0,3066673468854319	1,6191985353400673	-0,18939453080781413	0,8497836106825228	NA	1	1	1
hsa-miR-6724-5p	85,22774355876624	-0,9357346902123274	1,263348808406467	-0,7406780170178197	0,45888869135695837	0,7362287518222993	1	1	1
hsa-miR-6732-3p	0,48314313481878074	-0,9552854764255544	2,0018302097622325	-0,47720604463203625	0,6332154072434071	NA	1	1	1
hsa-miR-6735-5p	1,3657384518301297	-1,3362266009628638	1,3502757748222274	-0,9895953299901176	0,32237195353360865	NA	1	1	1
hsa-miR-6738-3p	0,30569430300625333	-1,0451410316044356	2,4556687371594235	-0,4256034276078274	0,6703968422544657	NA	1	1	1
hsa-miR-6739-5p	0,5420098712329644	1,1637034444783834	2,025870285643903	0,5744214981209972	0,5656826086087279	NA	1	1	1
hsa-miR-6739-3p	0,2704783181054819	2,040028371049862	4,347189079975839	0,4692752796161331	0,6388728826616626	NA	1	1	1
hsa-miR-6740-5p	0,3368675999661401	-1,0614253060197338	3,0604738008032477	-0,3468173149337706	0,7287285681507285	NA	1	1	1
hsa-miR-6743-5p	3,9931970827920287	-2,8129012099092345	1,0767297139347978	-2,6124487636082567	0,008989616591820205	NA	1	1	1
hsa-miR-6744-5p	0,6193519889679818	-1,274527780984573	1,7130621842003193	-0,7440055549294259	0,4568731144889457	NA	1	1	1
hsa-miR-6746-5p	0,7342673856603219	1,6514860890283065	1,989880710264084	0,829942257598513	0,40657143135501433	NA	1	1	1
hsa-miR-6747-5p	0,8519106577421877	-1,4105182519908044	2,2274519090868203	-0,6332429653078656	0,5265749921302726	NA	1	1	1
hsa-miR-6754-3p	1,1422710325425274	0,46827596173087876	1,4654705314103496	0,3195396643562775	0,749317318767172	NA	1	1	1
hsa-miR-6756-3p	0,38636013679770026	-2,9299497556672596	4,166187911138658	-0,7032687478723151	0,48188828297474684	NA	1	1	1
hsa-miR-6758-5p	0,4506562664584892	1,01994781837429	2,4641941963454355	0,4139072398948674	0,6789420415020839	NA	1	1	1
hsa-miR-6760-5p	0,3672395899756983	0,2844552431680851	2,817219819006007	0,1009701980828918	0,9195741177289599	NA	1	1	1
hsa-miR-6770-5p	0,7622214241784065	-0,6922094076779455	1,5308918469745068	-0,4521608819368626	0,6511530866919877	NA	1	1	1
hsa-miR-6777-5p	0,3678566507742927	-0,5785505951390876	2,2252172717994845	-0,2599973505828608	0,7948658172694402	NA	1	1	1
hsa-miR-6789-5p	1,5733514057402982	0,0051876897182419855	1,2895114626806192	0,004022988448243714	0,9967901282871876	NA	1	1	1
hsa-miR-6796-5p	0,5490543744324388	-0,06085233888288243	1,7253826830828087	-0,035268893955835455	0,971865326919565	NA	1	1	1
hsa-miR-6797-5p	0,3938060218678221	0,72251594519869	2,4147001401603028	0,2992155974905956	0,76477554908418	NA	1	1	1
hsa-miR-6803-5p	0,42188018861411086	-1,9043530112528755	2,345007363707518	-0,8120882862568258	0,4167409740965554	NA	1	1	1
hsa-miR-6809-3p	0,3415917896381727	-1,5085369490212621	2,601933073374037	-0,5797754617358695	0,5620660472547084	NA	1	1	1
hsa-miR-6811-5p	0,26831984023892974	-1,0593566332586375	2,2022939760504623	-0,4810241706052616	0,6304993202055749	NA	1	1	1
hsa-miR-6813-3p	0,25022971252282417	0,10269223313396923	3,2324729895351436	0,03176893773480138	0,9746563182235264	NA	1	1	1
hsa-miR-6821-5p	0,4092392166872454	0,5835932127074122	4,235010268715956	0,13780207736883623	0,890396842522159	NA	1	1	1
hsa-miR-6830-3p	0,9337472160714576	-0,8131788481515771	1,4219952129354279	-0,5718576551836136	0,5674184135633294	NA	1	1	1
hsa-miR-6838-3p	0,7154530979718335	-2,9581561900771693	1,9803429041149452	-1,4937595827118781	0,13523846898838882	NA	1	1	1
hsa-miR-6840-5p	0,36497491175386026	-1,5544558664429367	2,215006863523803	-0,7017837696312998	0,4828140220579266	NA	1	1	1
hsa-miR-6849-3p	0,33838336280080783	-0,5816687268612809	4,264371932987473	-0,13640196868423335	0,8915035174402286	NA	1	1	1
hsa-miR-6855-5p	0,3318562139874506	-0,02580655424153958	2,7604764892371803	-0,009348586862506069	0,9925410155249029	NA	1	1	1
hsa-miR-6858-5p	0,5789234974873891	0,29122689614734387	2,07587903081691	0,14029088006767854	0,8884301697167565	NA	1	1	1
hsa-miR-6862-3p	0,6383944182787175	0,4879533702594239	2,050420912666344	0,23797717202605725	0,8118987997156537	NA	1	1	1
hsa-miR-6867-5p	0,35934587785333844	0,4896349003012077	2,764636308207272	0,1771064421195826	0,8594247818394349	NA	1	1	1
hsa-miR-6873-3p	11,754552608770457	-1,1458311489241322	0,4871402915916803	-2,352158441216693	0,018664822694774392	0,1468840394675724	1	1	1
hsa-miR-6875-3p	0,4124832874898248	0,8747311029129827	3,165077423314849	0,276369575186208	0,7822642225076681	NA	1	1	1
hsa-miR-6876-3p	0,6238702952101003	0,5546701751678079	1,7156914909766166	0,32329249057012877	0,74647374057235	NA	1	1	1
hsa-miR-6877-5p	0,9499905318019052	-0,03067825153181142	1,6651959980754674	-0,018423207578727962	0,9853012386128175	NA	1	1	1
hsa-miR-6880-5p	0,3547311062592444	0,5835757654410232	2,7981385172053166	0,20855856915328064	0,8347928562936943	NA	1	1	1
hsa-miR-6880-3p	0,4222106479117223	-0,4743681370957014	3,5598458127741512	-0,13325524813279235	0,8939915186999533	NA	1	1	1
hsa-miR-6881-5p	0,36057101749442505	1,1536606242991374	5,059245560684967	0,22803016980716476	0,8196227861979515	NA	1	1	1
hsa-miR-6882-3p	1,4180998809885166	0,6242568210922668	1,1069473251507693	0,5639444686378742	0,5727919251555895	NA	1	1	1
hsa-miR-6886-3p	0,8661040823764631	0,3951533681516916	1,4191276219060345	0,2784480846204374	0,7806684121468805	NA	1	1	1
hsa-miR-6893-3p	0,34804916608294195	-0,47438722612079354	2,720309124455603	-0,17438724954309354	0,8615611341806323	NA	1	1	1
hsa-miR-6894-5p	0,8596868939893519	-1,0420229680739357	1,3712970521375871	-0,7598812864430965	0,44732554848893435	NA	1	1	1
hsa-miR-7107-5p	0,3152986815049189	-2,376065976363306	4,284931343650404	-0,554516697189154	0,5792252817484602	NA	1	1	1
hsa-miR-7107-3p	0,5596399119439441	1,4984011941443105	2,0887394058630235	0,7173710564076816	0,47314517377515003	NA	1	1	1
hsa-miR-7110-3p	0,3853525936250744	0,5835987480883476	5,005147260706319	0,11659971579057815	0,9071772629555063	NA	1	1	1
hsa-miR-7111-3p	1,7944441851332404	2,0070488215082216	1,1617315564128772	1,727635623246271	0,08405357192008826	NA	1	1	1
hsa-miR-7112-3p	0,3711891234290212	2,5143212720558212	1,796760393119974	1,3993637001814376	0,16170394646810435	NA	1	1	1
hsa-miR-7704	43,47776458857144	-0,5260959109293115	0,663696981550509	-0,7926748584877725	0,4279672819551952	0,7307743210744371	1	1	1
hsa-miR-7706	1,187874071277615	-0,7123219425634655	1,0204435258391362	-0,6980513125189416	0,4851451047378248	NA	1	1	1
hsa-miR-1273h-5p	2,0427068889649833	-1,438090405442611	1,1368410687189532	-1,2649880840979117	0,20587559942237782	NA	1	1	1
hsa-miR-1273h-3p	0,8669557923634595	-0,6561126645143945	1,6407389814689124	-0,39988850872976356	0,6892386364217578	NA	1	1	1
hsa-miR-6516-5p	2,418153052834571	-0,1422655754212995	0,7697761697914162	-0,1848142109411477	0,8533747611534069	NA	1	1	1
hsa-miR-6516-3p	20,98479527969357	0,0037043298988140233	0,5014917703255881	0,007386621512071927	0,994106382333841	0,9974727095562751	1	1	1
hsa-miR-7847-3p	1,6338476089504606	-2,326261867389082	1,2552841546632934	-1,8531755210540823	0,06385720506710926	NA	1	1	1
hsa-miR-7851-3p	1,8432545904966884	-0,52333063548663	1,33230327227288	-0,3928014337109894	0,6944661456644292	NA	1	1	1
hsa-miR-7974	0,9189714641418062	-0,9536198442524202	1,409445139998374	-0,6765923817748027	0,49866461401923573	NA	1	1	1
hsa-miR-8070	0,46327171649947396	0,5835732982314791	1,8963541698685957	0,3077343396628894	0,7582844876181388	NA	1	1	1
hsa-miR-8485	15,323099535406886	-0,6121818374219664	0,46681182249360087	-1,3114103112295497	0,1897191770466269	0,5802352994833854	1	1	1
hsa-miR-548bb-3p	3,92048301283541	0,8279409403088389	1,2685351037911101	0,6526748355914446	0,5139659288841341	NA	1	1	1
hsa-miR-9898	0,6398685269295673	-0,2596437453321315	1,399724633463926	-0,18549630343333037	0,8528397793886832	NA	1	1	1
hsa-miR-9901	2,675044614981077	-1,1391535828307073	1,0721921688965823	-1,0624528101180188	0,288030170187743	NA	1	1	1
hsa-miR-1843	0,6763498306257864	2,1604075288925904	1,903598790488064	1,1349069665770712	0,2564143006797653	NA	1	1	1
hsa-miR-10393-5p	0,3258991495087899	-0,5799310382656886	2,7170450495532616	-0,21344181921497446	0,8309823649155417	NA	1	1	1
hsa-miR-10394-5p	0,3637736647032971	-1,4552973117882755	2,7029678046796435	-0,5384071942213746	0,5902959607120267	NA	1	1	1
hsa-miR-10395-5p	10,603459079086761	0,07559051888548926	0,7208437320563618	0,1048639469609468	0,9164837673496867	NA	1	1	1
hsa-miR-10395-3p	29,806157724719263	0,09131475591358393	0,4348847351201045	0,2099746175003476	0,8336874837165554	0,9268735321999939	1	1	1
hsa-miR-10396a-5p	0,3269130245901965	-0,5540644391601354	3,14310438679534	-0,17627936300424651	0,8600744740865183	NA	1	1	1
hsa-miR-10396a-3p	0,7711975967990146	-1,572685854175777	1,6059333477624413	-0,9792970899863384	0,32743320788437785	NA	1	1	1
hsa-miR-10400-5p	118,87270271493422	-0,9716005571687757	0,8223222550658494	-1,1815326062055471	0,23739120829996546	0,6025009522407558	1	1	1
hsa-miR-10401-3p	0,5414903368590518	2,328527075006529	2,4926549529232065	0,9341553961473086	0,35022374012168805	NA	1	1	1
hsa-miR-10396b-5p	0,3269130245901965	-0,5540644391601354	3,14310438679534	-0,17627936300424651	0,8600744740865183	NA	1	1	1
hsa-miR-10396b-3p	1,1103350665778113	-2,440830547316311	1,4689646559886642	-1,6615992341037962	0,09659315703383253	NA	1	1	1
hsa-miR-10523-5p	0,7898487621318621	-0,578364144349966	2,178555215453936	-0,26548059936569235	0,7906392532878076	NA	1	1	1
hsa-miR-10527-5p	1,2838893011735732	1,5325616339704076	1,195526203694286	1,2819138796244292	0,19987285848921368	NA	1	1	1
hsa-miR-6529-3p	0,4222666047310649	0,006500608413588302	2,4640206252951935	0,0026382118505235805	0,9978950139381809	NA	1	1	1
hsa-miR-12129	0,6656965262467723	0,28061560513395156	1,9198396433690454	0,14616616867099957	0,8837902121724324	NA	1	1	1
hsa-miR-12135	26,170649622694278	-0,24368749670509465	0,3121259379444983	-0,780734527575298	0,43495864872038115	0,7357711721344765	1	1	1
